imagen_id,VP,FP,VN,FN,sensibilidad,especificidad,precision,exactitud,f1_score,dice,iou,mcc,npv,balanced_accuracy,fpr,fnr,area_real,area_predicha,hausdorff_distance,avg_surface_distance
TCGA_CS_4941_10,0,69,16315,0,0.0,0.9958,0.0,0.9958,0.0,0.0,0.0,0.0,1.0,0.4979,0.0042,0.0,0,69,,
TCGA_CS_4941_18,0,107,16254,23,0.0,0.9935,0.0,0.9921,0.0,0.0,0.0,-0.003,0.9986,0.4967,0.0065,1.0,23,107,49.01,38.24
TCGA_CS_4941_1,0,125,16259,0,0.0,0.9924,0.0,0.9924,0.0,0.0,0.0,0.0,1.0,0.4962,0.0076,0.0,0,125,,
TCGA_CS_4941_6,0,0,16384,0,0.0,1.0,0.0,1.0,0.0,0.0,0.0,0.0,1.0,0.5,0.0,0.0,0,0,,
TCGA_CS_4942_18,0,0,16384,0,0.0,1.0,0.0,1.0,0.0,0.0,0.0,0.0,1.0,0.5,0.0,0.0,0,0,,
TCGA_CS_4943_19,329,102,15942,11,0.9676,0.9936,0.7633,0.9931,0.8534,0.8534,0.7443,0.8562,0.9993,0.9806,0.0064,0.0324,340,431,3.61,0.19
TCGA_CS_4943_4,0,0,16384,0,0.0,1.0,0.0,1.0,0.0,0.0,0.0,0.0,1.0,0.5,0.0,0.0,0,0,,
TCGA_CS_4943_5,0,13,16371,0,0.0,0.9992,0.0,0.9992,0.0,0.0,0.0,0.0,1.0,0.4996,0.0008,0.0,0,13,,
TCGA_CS_4944_15,0,472,15912,0,0.0,0.9712,0.0,0.9712,0.0,0.0,0.0,0.0,1.0,0.4856,0.0288,0.0,0,472,,
TCGA_CS_4944_19,0,1498,14886,0,0.0,0.9086,0.0,0.9086,0.0,0.0,0.0,0.0,1.0,0.4543,0.0914,0.0,0,1498,,
TCGA_CS_5393_10,2131,202,13996,55,0.9748,0.9858,0.9134,0.9843,0.9431,0.9431,0.8924,0.9347,0.9961,0.9803,0.0142,0.0252,2186,2333,3.16,0.08
TCGA_CS_5393_17,0,0,16384,0,0.0,1.0,0.0,1.0,0.0,0.0,0.0,0.0,1.0,0.5,0.0,0.0,0,0,,
TCGA_CS_5393_2,0,166,16218,0,0.0,0.9899,0.0,0.9899,0.0,0.0,0.0,0.0,1.0,0.4949,0.0101,0.0,0,166,,
TCGA_CS_5393_8,1995,205,14131,53,0.9741,0.9857,0.9068,0.9843,0.9393,0.9393,0.8855,0.931,0.9963,0.9799,0.0143,0.0259,2048,2200,3.61,0.08
TCGA_CS_5395_12,173,45,16044,122,0.5864,0.9972,0.7936,0.9898,0.6745,0.6745,0.5088,0.6773,0.9925,0.7918,0.0028,0.4136,295,218,6.71,0.84
TCGA_CS_5395_1,0,0,16384,0,0.0,1.0,0.0,1.0,0.0,0.0,0.0,0.0,1.0,0.5,0.0,0.0,0,0,,
TCGA_CS_5396_19,705,186,15460,33,0.9553,0.9881,0.7912,0.9866,0.8656,0.8656,0.763,0.8628,0.9979,0.9717,0.0119,0.0447,738,891,7.21,0.32
TCGA_CS_5396_8,0,0,16384,0,0.0,1.0,0.0,1.0,0.0,0.0,0.0,0.0,1.0,0.5,0.0,0.0,0,0,,
TCGA_CS_5397_15,0,0,16384,0,0.0,1.0,0.0,1.0,0.0,0.0,0.0,0.0,1.0,0.5,0.0,0.0,0,0,,
TCGA_CS_5397_16,0,0,16384,0,0.0,1.0,0.0,1.0,0.0,0.0,0.0,0.0,1.0,0.5,0.0,0.0,0,0,,
TCGA_CS_5397_20,0,0,16384,0,0.0,1.0,0.0,1.0,0.0,0.0,0.0,0.0,1.0,0.5,0.0,0.0,0,0,,
TCGA_CS_5397_21,0,0,16384,0,0.0,1.0,0.0,1.0,0.0,0.0,0.0,0.0,1.0,0.5,0.0,0.0,0,0,,
TCGA_CS_5397_2,0,0,16384,0,0.0,1.0,0.0,1.0,0.0,0.0,0.0,0.0,1.0,0.5,0.0,0.0,0,0,,
TCGA_CS_5397_8,0,385,15709,290,0.0,0.9761,0.0,0.9588,0.0,0.0,0.0,-0.0208,0.9819,0.488,0.0239,1.0,290,385,55.8,42.75
TCGA_CS_6186_13,0,0,16384,0,0.0,1.0,0.0,1.0,0.0,0.0,0.0,0.0,1.0,0.5,0.0,0.0,0,0,,
TCGA_CS_6186_15,290,7,15856,231,0.5566,0.9996,0.9764,0.9855,0.709,0.709,0.5492,0.7315,0.9856,0.7781,0.0004,0.4434,521,297,7.0,0.59
TCGA_CS_6186_1,0,0,16384,0,0.0,1.0,0.0,1.0,0.0,0.0,0.0,0.0,1.0,0.5,0.0,0.0,0,0,,
TCGA_CS_6186_21,0,0,16384,0,0.0,1.0,0.0,1.0,0.0,0.0,0.0,0.0,1.0,0.5,0.0,0.0,0,0,,
TCGA_CS_6186_23,0,0,16384,0,0.0,1.0,0.0,1.0,0.0,0.0,0.0,0.0,1.0,0.5,0.0,0.0,0,0,,
TCGA_CS_6186_2,0,14,16370,0,0.0,0.9991,0.0,0.9991,0.0,0.0,0.0,0.0,1.0,0.4996,0.0009,0.0,0,14,,
TCGA_CS_6186_6,0,0,16384,0,0.0,1.0,0.0,1.0,0.0,0.0,0.0,0.0,1.0,0.5,0.0,0.0,0,0,,
TCGA_CS_6188_10,0,4,16380,0,0.0,0.9998,0.0,0.9998,0.0,0.0,0.0,0.0,1.0,0.4999,0.0002,0.0,0,4,,
TCGA_CS_6188_14,0,0,16340,44,0.0,1.0,0.0,0.9973,0.0,0.0,0.0,0.0,0.9973,0.5,0.0,1.0,44,0,,
TCGA_CS_6188_4,0,0,16384,0,0.0,1.0,0.0,1.0,0.0,0.0,0.0,0.0,1.0,0.5,0.0,0.0,0,0,,
TCGA_CS_6290_15,0,0,16384,0,0.0,1.0,0.0,1.0,0.0,0.0,0.0,0.0,1.0,0.5,0.0,0.0,0,0,,
TCGA_CS_6290_16,0,0,16384,0,0.0,1.0,0.0,1.0,0.0,0.0,0.0,0.0,1.0,0.5,0.0,0.0,0,0,,
TCGA_CS_6290_4,0,0,16384,0,0.0,1.0,0.0,1.0,0.0,0.0,0.0,0.0,1.0,0.5,0.0,0.0,0,0,,
TCGA_CS_6290_8,577,5,15668,134,0.8115,0.9997,0.9914,0.9915,0.8925,0.8925,0.8059,0.893,0.9915,0.9056,0.0003,0.1885,711,582,4.47,0.18
TCGA_CS_6665_13,419,676,15267,22,0.9501,0.9576,0.3826,0.9574,0.5456,0.5456,0.3751,0.5882,0.9986,0.9539,0.0424,0.0499,441,1095,14.32,1.49
TCGA_CS_6665_14,443,294,15558,89,0.8327,0.9815,0.6011,0.9766,0.6982,0.6982,0.5363,0.6962,0.9943,0.9071,0.0185,0.1673,532,737,8.25,0.71
TCGA_CS_6665_5,0,0,16384,0,0.0,1.0,0.0,1.0,0.0,0.0,0.0,0.0,1.0,0.5,0.0,0.0,0,0,,
TCGA_CS_6666_16,792,197,15041,354,0.6911,0.9871,0.8008,0.9664,0.7419,0.7419,0.5897,0.7263,0.977,0.8391,0.0129,0.3089,1146,989,11.05,0.83
TCGA_CS_6666_25,0,0,16384,0,0.0,1.0,0.0,1.0,0.0,0.0,0.0,0.0,1.0,0.5,0.0,0.0,0,0,,
TCGA_CS_6666_4,0,0,16384,0,0.0,1.0,0.0,1.0,0.0,0.0,0.0,0.0,1.0,0.5,0.0,0.0,0,0,,
TCGA_CS_6666_7,0,0,16384,0,0.0,1.0,0.0,1.0,0.0,0.0,0.0,0.0,1.0,0.5,0.0,0.0,0,0,,
TCGA_CS_6666_8,0,39,16345,0,0.0,0.9976,0.0,0.9976,0.0,0.0,0.0,0.0,1.0,0.4988,0.0024,0.0,0,39,,
TCGA_CS_6667_11,252,19,16089,24,0.913,0.9988,0.9299,0.9974,0.9214,0.9214,0.8542,0.9201,0.9985,0.9559,0.0012,0.087,276,271,2.24,0.08
TCGA_CS_6667_3,0,0,16384,0,0.0,1.0,0.0,1.0,0.0,0.0,0.0,0.0,1.0,0.5,0.0,0.0,0,0,,
TCGA_CS_6667_6,0,0,16384,0,0.0,1.0,0.0,1.0,0.0,0.0,0.0,0.0,1.0,0.5,0.0,0.0,0,0,,
TCGA_CS_6668_1,0,0,16384,0,0.0,1.0,0.0,1.0,0.0,0.0,0.0,0.0,1.0,0.5,0.0,0.0,0,0,,
TCGA_CS_6668_27,0,1470,14914,0,0.0,0.9103,0.0,0.9103,0.0,0.0,0.0,0.0,1.0,0.4551,0.0897,0.0,0,1470,,
TCGA_CS_6668_8,0,0,16384,0,0.0,1.0,0.0,1.0,0.0,0.0,0.0,0.0,1.0,0.5,0.0,0.0,0,0,,
TCGA_CS_6669_11,256,5,15999,124,0.6737,0.9997,0.9808,0.9921,0.7988,0.7988,0.6649,0.8095,0.9923,0.8367,0.0003,0.3263,380,261,9.0,0.44
TCGA_CS_6669_7,0,0,16384,0,0.0,1.0,0.0,1.0,0.0,0.0,0.0,0.0,1.0,0.5,0.0,0.0,0,0,,
TCGA_CS_6669_8,0,0,16384,0,0.0,1.0,0.0,1.0,0.0,0.0,0.0,0.0,1.0,0.5,0.0,0.0,0,0,,
TCGA_DU_5849_21,270,3,16033,78,0.7759,0.9998,0.989,0.9951,0.8696,0.8696,0.7692,0.8737,0.9952,0.8878,0.0002,0.2241,348,273,4.0,0.19
TCGA_DU_5849_24,282,1,15869,232,0.5486,0.9999,0.9965,0.9858,0.7077,0.7077,0.5476,0.734,0.9856,0.7743,0.0001,0.4514,514,283,5.0,0.42
TCGA_DU_5849_36,0,0,16384,0,0.0,1.0,0.0,1.0,0.0,0.0,0.0,0.0,1.0,0.5,0.0,0.0,0,0,,
TCGA_DU_5851_11,0,99,16285,0,0.0,0.994,0.0,0.994,0.0,0.0,0.0,0.0,1.0,0.497,0.006,0.0,0,99,,
TCGA_DU_5851_14,371,71,15898,44,0.894,0.9956,0.8394,0.993,0.8658,0.8658,0.7634,0.8627,0.9972,0.9448,0.0044,0.106,415,442,3.16,0.18
TCGA_DU_5851_15,461,27,15830,66,0.8748,0.9983,0.9447,0.9943,0.9084,0.9084,0.8321,0.9062,0.9958,0.9365,0.0017,0.1252,527,488,4.24,0.13
TCGA_DU_5851_19,634,70,15633,47,0.931,0.9955,0.9006,0.9929,0.9155,0.9155,0.8442,0.9119,0.997,0.9633,0.0045,0.069,681,704,3.0,0.1
TCGA_DU_5851_20,546,44,15777,17,0.9698,0.9972,0.9254,0.9963,0.9471,0.9471,0.8995,0.9454,0.9989,0.9835,0.0028,0.0302,563,590,2.0,0.06
TCGA_DU_5851_26,0,0,16384,0,0.0,1.0,0.0,1.0,0.0,0.0,0.0,0.0,1.0,0.5,0.0,0.0,0,0,,
TCGA_DU_5851_5,0,0,16384,0,0.0,1.0,0.0,1.0,0.0,0.0,0.0,0.0,1.0,0.5,0.0,0.0,0,0,,
TCGA_DU_5853_1,0,0,16384,0,0.0,1.0,0.0,1.0,0.0,0.0,0.0,0.0,1.0,0.5,0.0,0.0,0,0,,
TCGA_DU_5853_31,174,2,16097,111,0.6105,0.9999,0.9886,0.9931,0.7549,0.7549,0.6063,0.7741,0.9932,0.8052,0.0001,0.3895,285,176,4.0,0.33
TCGA_DU_5853_32,0,0,16384,0,0.0,1.0,0.0,1.0,0.0,0.0,0.0,0.0,1.0,0.5,0.0,0.0,0,0,,
TCGA_DU_5854_19,0,0,16384,0,0.0,1.0,0.0,1.0,0.0,0.0,0.0,0.0,1.0,0.5,0.0,0.0,0,0,,
TCGA_DU_5854_21,0,112,16272,0,0.0,0.9932,0.0,0.9932,0.0,0.0,0.0,0.0,1.0,0.4966,0.0068,0.0,0,112,,
TCGA_DU_5855_10,0,0,16384,0,0.0,1.0,0.0,1.0,0.0,0.0,0.0,0.0,1.0,0.5,0.0,0.0,0,0,,
TCGA_DU_5855_17,1510,84,14599,191,0.8877,0.9943,0.9473,0.9832,0.9165,0.9165,0.8459,0.9078,0.9871,0.941,0.0057,0.1123,1701,1594,13.15,0.19
TCGA_DU_5855_1,0,0,16384,0,0.0,1.0,0.0,1.0,0.0,0.0,0.0,0.0,1.0,0.5,0.0,0.0,0,0,,
TCGA_DU_5855_23,132,179,16073,0,1.0,0.989,0.4244,0.9891,0.5959,0.5959,0.4244,0.6479,1.0,0.9945,0.011,0.0,132,311,5.0,0.57
TCGA_DU_5855_3,0,3,16381,0,0.0,0.9998,0.0,0.9998,0.0,0.0,0.0,0.0,1.0,0.4999,0.0002,0.0,0,3,,
TCGA_DU_5855_8,0,85,16299,0,0.0,0.9948,0.0,0.9948,0.0,0.0,0.0,0.0,1.0,0.4974,0.0052,0.0,0,85,,
TCGA_DU_5871_11,0,0,16384,0,0.0,1.0,0.0,1.0,0.0,0.0,0.0,0.0,1.0,0.5,0.0,0.0,0,0,,
TCGA_DU_5871_14,0,0,16384,0,0.0,1.0,0.0,1.0,0.0,0.0,0.0,0.0,1.0,0.5,0.0,0.0,0,0,,
TCGA_DU_5871_20,1089,46,15089,160,0.8719,0.997,0.9595,0.9874,0.9136,0.9136,0.8409,0.908,0.9895,0.9344,0.003,0.1281,1249,1135,5.83,0.14
TCGA_DU_5871_22,1241,42,14955,146,0.8947,0.9972,0.9673,0.9885,0.9296,0.9296,0.8684,0.9242,0.9903,0.946,0.0028,0.1053,1387,1283,5.0,0.1
TCGA_DU_5871_23,1274,31,14978,101,0.9265,0.9979,0.9762,0.9919,0.9507,0.9507,0.9061,0.9467,0.9933,0.9622,0.0021,0.0735,1375,1305,3.16,0.06
TCGA_DU_5871_28,476,25,15788,95,0.8336,0.9984,0.9501,0.9927,0.8881,0.8881,0.7987,0.8863,0.994,0.916,0.0016,0.1664,571,501,3.16,0.15
TCGA_DU_5871_30,244,25,16071,44,0.8472,0.9984,0.9071,0.9958,0.8761,0.8761,0.7796,0.8745,0.9973,0.9228,0.0016,0.1528,288,269,3.16,0.16
TCGA_DU_5871_32,0,0,16384,0,0.0,1.0,0.0,1.0,0.0,0.0,0.0,0.0,1.0,0.5,0.0,0.0,0,0,,
TCGA_DU_5871_35,0,0,16384,0,0.0,1.0,0.0,1.0,0.0,0.0,0.0,0.0,1.0,0.5,0.0,0.0,0,0,,
TCGA_DU_5871_3,0,0,16384,0,0.0,1.0,0.0,1.0,0.0,0.0,0.0,0.0,1.0,0.5,0.0,0.0,0,0,,
TCGA_DU_5871_6,0,58,16326,0,0.0,0.9965,0.0,0.9965,0.0,0.0,0.0,0.0,1.0,0.4982,0.0035,0.0,0,58,,
TCGA_DU_5872_19,0,0,16384,0,0.0,1.0,0.0,1.0,0.0,0.0,0.0,0.0,1.0,0.5,0.0,0.0,0,0,,
TCGA_DU_5872_34,544,331,15402,107,0.8356,0.979,0.6217,0.9733,0.713,0.713,0.554,0.7077,0.9931,0.9073,0.021,0.1644,651,875,13.0,0.86
TCGA_DU_5872_35,621,507,15134,122,0.8358,0.9676,0.5505,0.9616,0.6638,0.6638,0.4968,0.6602,0.992,0.9017,0.0324,0.1642,743,1128,23.09,1.44
TCGA_DU_5872_37,912,329,15061,82,0.9175,0.9786,0.7349,0.9749,0.8161,0.8161,0.6893,0.8085,0.9946,0.9481,0.0214,0.0825,994,1241,8.06,0.42
TCGA_DU_5872_52,137,38,16181,28,0.8303,0.9977,0.7829,0.996,0.8059,0.8059,0.6749,0.8042,0.9983,0.914,0.0023,0.1697,165,175,5.0,0.3
TCGA_DU_5872_53,0,0,16384,0,0.0,1.0,0.0,1.0,0.0,0.0,0.0,0.0,1.0,0.5,0.0,0.0,0,0,,
TCGA_DU_5872_56,0,0,16384,0,0.0,1.0,0.0,1.0,0.0,0.0,0.0,0.0,1.0,0.5,0.0,0.0,0,0,,
TCGA_DU_5872_66,0,0,16384,0,0.0,1.0,0.0,1.0,0.0,0.0,0.0,0.0,1.0,0.5,0.0,0.0,0,0,,
TCGA_DU_5872_67,0,0,16384,0,0.0,1.0,0.0,1.0,0.0,0.0,0.0,0.0,1.0,0.5,0.0,0.0,0,0,,
TCGA_DU_5872_7,0,67,16317,0,0.0,0.9959,0.0,0.9959,0.0,0.0,0.0,0.0,1.0,0.498,0.0041,0.0,0,67,,
TCGA_DU_5872_8,0,0,16384,0,0.0,1.0,0.0,1.0,0.0,0.0,0.0,0.0,1.0,0.5,0.0,0.0,0,0,,
TCGA_DU_5872_9,0,18,16366,0,0.0,0.9989,0.0,0.9989,0.0,0.0,0.0,0.0,1.0,0.4995,0.0011,0.0,0,18,,
TCGA_DU_5874_11,0,0,16384,0,0.0,1.0,0.0,1.0,0.0,0.0,0.0,0.0,1.0,0.5,0.0,0.0,0,0,,
TCGA_DU_5874_21,85,10,16266,23,0.787,0.9994,0.8947,0.998,0.8374,0.8374,0.7203,0.8382,0.9986,0.8932,0.0006,0.213,108,95,3.16,0.22
TCGA_DU_5874_33,0,0,16384,0,0.0,1.0,0.0,1.0,0.0,0.0,0.0,0.0,1.0,0.5,0.0,0.0,0,0,,
TCGA_DU_6399_1,0,545,15839,0,0.0,0.9667,0.0,0.9667,0.0,0.0,0.0,0.0,1.0,0.4834,0.0333,0.0,0,545,,
TCGA_DU_6399_27,414,75,15858,37,0.918,0.9953,0.8466,0.9932,0.8809,0.8809,0.7871,0.8781,0.9977,0.9566,0.0047,0.082,451,489,2.24,0.15
TCGA_DU_6399_35,0,0,16384,0,0.0,1.0,0.0,1.0,0.0,0.0,0.0,0.0,1.0,0.5,0.0,0.0,0,0,,
TCGA_DU_6399_3,0,185,16199,0,0.0,0.9887,0.0,0.9887,0.0,0.0,0.0,0.0,1.0,0.4944,0.0113,0.0,0,185,,
TCGA_DU_6399_40,0,0,16384,0,0.0,1.0,0.0,1.0,0.0,0.0,0.0,0.0,1.0,0.5,0.0,0.0,0,0,,
TCGA_DU_6399_42,0,0,16384,0,0.0,1.0,0.0,1.0,0.0,0.0,0.0,0.0,1.0,0.5,0.0,0.0,0,0,,
TCGA_DU_6399_52,0,0,16384,0,0.0,1.0,0.0,1.0,0.0,0.0,0.0,0.0,1.0,0.5,0.0,0.0,0,0,,
TCGA_DU_6400_18,416,53,15879,36,0.9204,0.9967,0.887,0.9946,0.9034,0.9034,0.8238,0.9007,0.9977,0.9585,0.0033,0.0796,452,469,2.83,0.12
TCGA_DU_6400_27,768,18,15369,229,0.7703,0.9988,0.9771,0.9849,0.8615,0.8615,0.7567,0.8604,0.9853,0.8846,0.0012,0.2297,997,786,7.07,0.27
TCGA_DU_6400_28,840,29,15427,88,0.9052,0.9981,0.9666,0.9929,0.9349,0.9349,0.8777,0.9317,0.9943,0.9516,0.0019,0.0948,928,869,2.83,0.09
TCGA_DU_6400_29,616,27,15580,161,0.7928,0.9983,0.958,0.9885,0.8676,0.8676,0.7662,0.8659,0.9898,0.8955,0.0017,0.2072,777,643,6.71,0.26
TCGA_DU_6400_42,0,0,16384,0,0.0,1.0,0.0,1.0,0.0,0.0,0.0,0.0,1.0,0.5,0.0,0.0,0,0,,
TCGA_DU_6400_48,0,0,16384,0,0.0,1.0,0.0,1.0,0.0,0.0,0.0,0.0,1.0,0.5,0.0,0.0,0,0,,
TCGA_DU_6400_52,0,0,16384,0,0.0,1.0,0.0,1.0,0.0,0.0,0.0,0.0,1.0,0.5,0.0,0.0,0,0,,
TCGA_DU_6401_11,0,0,16384,0,0.0,1.0,0.0,1.0,0.0,0.0,0.0,0.0,1.0,0.5,0.0,0.0,0,0,,
TCGA_DU_6401_22,490,194,15623,77,0.8642,0.9877,0.7164,0.9835,0.7834,0.7834,0.6439,0.7785,0.9951,0.926,0.0123,0.1358,567,684,4.47,0.31
TCGA_DU_6401_23,716,111,15425,132,0.8443,0.9929,0.8658,0.9852,0.8549,0.8549,0.7466,0.8472,0.9915,0.9186,0.0071,0.1557,848,827,5.0,0.24
TCGA_DU_6401_26,1359,98,14783,144,0.9042,0.9934,0.9327,0.9852,0.9182,0.9182,0.8488,0.9103,0.9904,0.9488,0.0066,0.0958,1503,1457,5.83,0.13
TCGA_DU_6401_28,1397,103,14769,115,0.9239,0.9931,0.9313,0.9867,0.9276,0.9276,0.865,0.9203,0.9923,0.9585,0.0069,0.0761,1512,1500,7.0,0.13
TCGA_DU_6401_30,1783,75,14426,100,0.9469,0.9948,0.9596,0.9893,0.9532,0.9532,0.9106,0.9472,0.9931,0.9709,0.0052,0.0531,1883,1858,5.0,0.07
TCGA_DU_6401_34,966,95,15052,271,0.7809,0.9937,0.9105,0.9777,0.8407,0.8407,0.7252,0.8316,0.9823,0.8873,0.0063,0.2191,1237,1061,6.32,0.35
TCGA_DU_6401_37,950,115,15244,75,0.9268,0.9925,0.892,0.9884,0.9091,0.9091,0.8333,0.9031,0.9951,0.9597,0.0075,0.0732,1025,1065,4.47,0.13
TCGA_DU_6401_39,646,51,15566,121,0.8422,0.9967,0.9268,0.9895,0.8825,0.8825,0.7897,0.8781,0.9923,0.9195,0.0033,0.1578,767,697,7.21,0.26
TCGA_DU_6401_42,175,59,16094,56,0.7576,0.9963,0.7479,0.993,0.7527,0.7527,0.6034,0.7491,0.9965,0.877,0.0037,0.2424,231,234,6.08,0.47
TCGA_DU_6401_45,0,0,16384,0,0.0,1.0,0.0,1.0,0.0,0.0,0.0,0.0,1.0,0.5,0.0,0.0,0,0,,
TCGA_DU_6404_28,0,0,16384,0,0.0,1.0,0.0,1.0,0.0,0.0,0.0,0.0,1.0,0.5,0.0,0.0,0,0,,
TCGA_DU_6405_19,0,0,16384,0,0.0,1.0,0.0,1.0,0.0,0.0,0.0,0.0,1.0,0.5,0.0,0.0,0,0,,
TCGA_DU_6405_1,0,0,16384,0,0.0,1.0,0.0,1.0,0.0,0.0,0.0,0.0,1.0,0.5,0.0,0.0,0,0,,
TCGA_DU_6405_20,0,65,16319,0,0.0,0.996,0.0,0.996,0.0,0.0,0.0,0.0,1.0,0.498,0.004,0.0,0,65,,
TCGA_DU_6405_25,0,246,16138,0,0.0,0.985,0.0,0.985,0.0,0.0,0.0,0.0,1.0,0.4925,0.015,0.0,0,246,,
TCGA_DU_6405_32,0,361,16023,0,0.0,0.978,0.0,0.978,0.0,0.0,0.0,0.0,1.0,0.489,0.022,0.0,0,361,,
TCGA_DU_6405_36,0,8,16376,0,0.0,0.9995,0.0,0.9995,0.0,0.0,0.0,0.0,1.0,0.4998,0.0005,0.0,0,8,,
TCGA_DU_6405_42,28,43,16308,5,0.8485,0.9974,0.3944,0.9971,0.5385,0.5385,0.3684,0.5773,0.9997,0.9229,0.0026,0.1515,33,71,4.12,0.64
TCGA_DU_6405_4,0,0,16384,0,0.0,1.0,0.0,1.0,0.0,0.0,0.0,0.0,1.0,0.5,0.0,0.0,0,0,,
TCGA_DU_6405_57,0,0,16384,0,0.0,1.0,0.0,1.0,0.0,0.0,0.0,0.0,1.0,0.5,0.0,0.0,0,0,,
TCGA_DU_6405_5,0,0,16384,0,0.0,1.0,0.0,1.0,0.0,0.0,0.0,0.0,1.0,0.5,0.0,0.0,0,0,,
TCGA_DU_6405_7,0,0,16384,0,0.0,1.0,0.0,1.0,0.0,0.0,0.0,0.0,1.0,0.5,0.0,0.0,0,0,,
TCGA_DU_6407_10,0,0,16384,0,0.0,1.0,0.0,1.0,0.0,0.0,0.0,0.0,1.0,0.5,0.0,0.0,0,0,,
TCGA_DU_6407_11,0,9,16375,0,0.0,0.9995,0.0,0.9995,0.0,0.0,0.0,0.0,1.0,0.4997,0.0005,0.0,0,9,,
TCGA_DU_6407_16,0,26,16358,0,0.0,0.9984,0.0,0.9984,0.0,0.0,0.0,0.0,1.0,0.4992,0.0016,0.0,0,26,,
TCGA_DU_6407_23,690,85,15533,76,0.9008,0.9946,0.8903,0.9902,0.8955,0.8955,0.8108,0.8904,0.9951,0.9477,0.0054,0.0992,766,775,3.61,0.15
TCGA_DU_6407_2,0,0,16384,0,0.0,1.0,0.0,1.0,0.0,0.0,0.0,0.0,1.0,0.5,0.0,0.0,0,0,,
TCGA_DU_6407_37,0,78,16306,0,0.0,0.9952,0.0,0.9952,0.0,0.0,0.0,0.0,1.0,0.4976,0.0048,0.0,0,78,,
TCGA_DU_6407_47,0,0,16384,0,0.0,1.0,0.0,1.0,0.0,0.0,0.0,0.0,1.0,0.5,0.0,0.0,0,0,,
TCGA_DU_6407_50,0,0,16384,0,0.0,1.0,0.0,1.0,0.0,0.0,0.0,0.0,1.0,0.5,0.0,0.0,0,0,,
TCGA_DU_6408_20,0,87,16297,0,0.0,0.9947,0.0,0.9947,0.0,0.0,0.0,0.0,1.0,0.4973,0.0053,0.0,0,87,,
TCGA_DU_6408_25,695,202,15453,34,0.9534,0.9871,0.7748,0.9856,0.8549,0.8549,0.7465,0.8524,0.9978,0.9702,0.0129,0.0466,729,897,4.0,0.2
TCGA_DU_6408_27,1261,123,14882,118,0.9144,0.9918,0.9111,0.9853,0.9128,0.9128,0.8395,0.9047,0.9921,0.9531,0.0082,0.0856,1379,1384,5.0,0.12
TCGA_DU_6408_42,712,56,15530,86,0.8922,0.9964,0.9271,0.9913,0.9093,0.9093,0.8337,0.905,0.9945,0.9443,0.0036,0.1078,798,768,3.61,0.13
TCGA_DU_6408_51,0,0,16384,0,0.0,1.0,0.0,1.0,0.0,0.0,0.0,0.0,1.0,0.5,0.0,0.0,0,0,,
TCGA_DU_6408_55,0,0,16384,0,0.0,1.0,0.0,1.0,0.0,0.0,0.0,0.0,1.0,0.5,0.0,0.0,0,0,,
TCGA_DU_6408_56,0,0,16384,0,0.0,1.0,0.0,1.0,0.0,0.0,0.0,0.0,1.0,0.5,0.0,0.0,0,0,,
TCGA_DU_7008_11,0,0,16384,0,0.0,1.0,0.0,1.0,0.0,0.0,0.0,0.0,1.0,0.5,0.0,0.0,0,0,,
TCGA_DU_7008_28,979,33,15079,293,0.7697,0.9978,0.9674,0.9801,0.8573,0.8573,0.7502,0.8531,0.9809,0.8837,0.0022,0.2303,1272,1012,13.0,0.36
TCGA_DU_7008_29,960,43,15138,243,0.798,0.9972,0.9571,0.9825,0.8704,0.8704,0.7705,0.8652,0.9842,0.8976,0.0028,0.202,1203,1003,8.0,0.27
TCGA_DU_7008_37,96,61,16154,73,0.568,0.9962,0.6115,0.9918,0.589,0.589,0.4174,0.5852,0.9955,0.7821,0.0038,0.432,169,157,8.49,1.01
TCGA_DU_7008_40,0,0,16384,0,0.0,1.0,0.0,1.0,0.0,0.0,0.0,0.0,1.0,0.5,0.0,0.0,0,0,,
TCGA_DU_7008_42,0,0,16384,0,0.0,1.0,0.0,1.0,0.0,0.0,0.0,0.0,1.0,0.5,0.0,0.0,0,0,,
TCGA_DU_7008_49,0,0,16384,0,0.0,1.0,0.0,1.0,0.0,0.0,0.0,0.0,1.0,0.5,0.0,0.0,0,0,,
TCGA_DU_7008_4,0,0,16384,0,0.0,1.0,0.0,1.0,0.0,0.0,0.0,0.0,1.0,0.5,0.0,0.0,0,0,,
TCGA_DU_7008_51,0,0,16384,0,0.0,1.0,0.0,1.0,0.0,0.0,0.0,0.0,1.0,0.5,0.0,0.0,0,0,,
TCGA_DU_7010_19,0,0,16384,0,0.0,1.0,0.0,1.0,0.0,0.0,0.0,0.0,1.0,0.5,0.0,0.0,0,0,,
TCGA_DU_7010_22,0,0,16384,0,0.0,1.0,0.0,1.0,0.0,0.0,0.0,0.0,1.0,0.5,0.0,0.0,0,0,,
TCGA_DU_7010_23,0,0,16384,0,0.0,1.0,0.0,1.0,0.0,0.0,0.0,0.0,1.0,0.5,0.0,0.0,0,0,,
TCGA_DU_7010_24,159,316,15906,3,0.9815,0.9805,0.3347,0.9805,0.4992,0.4992,0.3326,0.5673,0.9998,0.981,0.0195,0.0185,162,475,22.56,1.79
TCGA_DU_7010_36,721,85,15227,351,0.6726,0.9944,0.8945,0.9734,0.7678,0.7678,0.6232,0.7627,0.9775,0.8335,0.0056,0.3274,1072,806,13.04,0.58
TCGA_DU_7010_38,674,60,15139,511,0.5688,0.9961,0.9183,0.9651,0.7024,0.7024,0.5414,0.7073,0.9673,0.7824,0.0039,0.4312,1185,734,13.6,1.08
TCGA_DU_7010_43,596,244,15376,168,0.7801,0.9844,0.7095,0.9749,0.7431,0.7431,0.5913,0.7309,0.9892,0.8822,0.0156,0.2199,764,840,13.15,0.57
TCGA_DU_7010_44,482,212,15411,279,0.6334,0.9864,0.6945,0.97,0.6625,0.6625,0.4954,0.6476,0.9822,0.8099,0.0136,0.3666,761,694,12.53,0.91
TCGA_DU_7010_54,0,0,16384,0,0.0,1.0,0.0,1.0,0.0,0.0,0.0,0.0,1.0,0.5,0.0,0.0,0,0,,
TCGA_DU_7010_58,0,0,16384,0,0.0,1.0,0.0,1.0,0.0,0.0,0.0,0.0,1.0,0.5,0.0,0.0,0,0,,
TCGA_DU_7013_26,126,19,16112,127,0.498,0.9988,0.869,0.9911,0.6332,0.6332,0.4632,0.6541,0.9922,0.7484,0.0012,0.502,253,145,8.0,0.64
TCGA_DU_7013_27,93,17,16205,69,0.5741,0.999,0.8455,0.9948,0.6838,0.6838,0.5196,0.6943,0.9958,0.7865,0.001,0.4259,162,110,5.39,0.54
TCGA_DU_7013_33,0,0,16384,0,0.0,1.0,0.0,1.0,0.0,0.0,0.0,0.0,1.0,0.5,0.0,0.0,0,0,,
TCGA_DU_7013_40,0,0,16384,0,0.0,1.0,0.0,1.0,0.0,0.0,0.0,0.0,1.0,0.5,0.0,0.0,0,0,,
TCGA_DU_7013_41,0,0,16384,0,0.0,1.0,0.0,1.0,0.0,0.0,0.0,0.0,1.0,0.5,0.0,0.0,0,0,,
TCGA_DU_7013_44,0,0,16384,0,0.0,1.0,0.0,1.0,0.0,0.0,0.0,0.0,1.0,0.5,0.0,0.0,0,0,,
TCGA_DU_7013_46,0,0,16384,0,0.0,1.0,0.0,1.0,0.0,0.0,0.0,0.0,1.0,0.5,0.0,0.0,0,0,,
TCGA_DU_7013_6,0,0,16384,0,0.0,1.0,0.0,1.0,0.0,0.0,0.0,0.0,1.0,0.5,0.0,0.0,0,0,,
TCGA_DU_7013_8,0,0,16384,0,0.0,1.0,0.0,1.0,0.0,0.0,0.0,0.0,1.0,0.5,0.0,0.0,0,0,,
TCGA_DU_7014_19,0,0,16384,0,0.0,1.0,0.0,1.0,0.0,0.0,0.0,0.0,1.0,0.5,0.0,0.0,0,0,,
TCGA_DU_7014_1,0,0,16384,0,0.0,1.0,0.0,1.0,0.0,0.0,0.0,0.0,1.0,0.5,0.0,0.0,0,0,,
TCGA_DU_7014_21,0,0,16384,0,0.0,1.0,0.0,1.0,0.0,0.0,0.0,0.0,1.0,0.5,0.0,0.0,0,0,,
TCGA_DU_7014_33,741,113,15340,190,0.7959,0.9927,0.8677,0.9815,0.8303,0.8303,0.7098,0.8213,0.9878,0.8943,0.0073,0.2041,931,854,7.21,0.37
TCGA_DU_7014_3,0,0,16384,0,0.0,1.0,0.0,1.0,0.0,0.0,0.0,0.0,1.0,0.5,0.0,0.0,0,0,,
TCGA_DU_7014_41,1082,110,15036,156,0.874,0.9927,0.9077,0.9838,0.8905,0.8905,0.8027,0.882,0.9897,0.9334,0.0073,0.126,1238,1192,5.0,0.18
TCGA_DU_7014_4,0,0,16384,0,0.0,1.0,0.0,1.0,0.0,0.0,0.0,0.0,1.0,0.5,0.0,0.0,0,0,,
TCGA_DU_7014_52,0,0,16384,0,0.0,1.0,0.0,1.0,0.0,0.0,0.0,0.0,1.0,0.5,0.0,0.0,0,0,,
TCGA_DU_7014_56,0,0,16384,0,0.0,1.0,0.0,1.0,0.0,0.0,0.0,0.0,1.0,0.5,0.0,0.0,0,0,,
TCGA_DU_7018_12,159,25,16145,55,0.743,0.9985,0.8641,0.9951,0.799,0.799,0.6653,0.7989,0.9966,0.8707,0.0015,0.257,214,184,12.0,0.41
TCGA_DU_7018_15,814,589,14897,84,0.9065,0.962,0.5802,0.9589,0.7075,0.7075,0.5474,0.7064,0.9944,0.9342,0.038,0.0935,898,1403,23.32,2.34
TCGA_DU_7018_20,1422,38,14156,768,0.6493,0.9973,0.974,0.9508,0.7792,0.7792,0.6382,0.7724,0.9485,0.8233,0.0027,0.3507,2190,1460,8.94,0.44
TCGA_DU_7018_30,0,0,16384,0,0.0,1.0,0.0,1.0,0.0,0.0,0.0,0.0,1.0,0.5,0.0,0.0,0,0,,
TCGA_DU_7018_34,0,0,16384,0,0.0,1.0,0.0,1.0,0.0,0.0,0.0,0.0,1.0,0.5,0.0,0.0,0,0,,
TCGA_DU_7018_35,0,0,16384,0,0.0,1.0,0.0,1.0,0.0,0.0,0.0,0.0,1.0,0.5,0.0,0.0,0,0,,
TCGA_DU_7018_36,0,0,16384,0,0.0,1.0,0.0,1.0,0.0,0.0,0.0,0.0,1.0,0.5,0.0,0.0,0,0,,
TCGA_DU_7018_7,0,0,16384,0,0.0,1.0,0.0,1.0,0.0,0.0,0.0,0.0,1.0,0.5,0.0,0.0,0,0,,
TCGA_DU_7018_9,0,50,16334,0,0.0,0.9969,0.0,0.9969,0.0,0.0,0.0,0.0,1.0,0.4985,0.0031,0.0,0,50,,
TCGA_DU_7019_13,465,23,15842,54,0.896,0.9986,0.9529,0.9953,0.9235,0.9235,0.8579,0.9216,0.9966,0.9473,0.0014,0.104,519,488,11.7,0.12
TCGA_DU_7019_18,520,25,15673,166,0.758,0.9984,0.9541,0.9883,0.8448,0.8448,0.7314,0.8449,0.9895,0.8782,0.0016,0.242,686,545,7.28,0.29
TCGA_DU_7019_20,194,93,16059,38,0.8362,0.9942,0.676,0.992,0.7476,0.7476,0.5969,0.7479,0.9976,0.9152,0.0058,0.1638,232,287,5.0,0.41
TCGA_DU_7019_29,0,0,16384,0,0.0,1.0,0.0,1.0,0.0,0.0,0.0,0.0,1.0,0.5,0.0,0.0,0,0,,
TCGA_DU_7019_6,0,0,16384,0,0.0,1.0,0.0,1.0,0.0,0.0,0.0,0.0,1.0,0.5,0.0,0.0,0,0,,
TCGA_DU_7294_20,0,99,16285,0,0.0,0.994,0.0,0.994,0.0,0.0,0.0,0.0,1.0,0.497,0.006,0.0,0,99,,
TCGA_DU_7294_21,65,410,15909,0,1.0,0.9749,0.1368,0.975,0.2407,0.2407,0.1368,0.3652,1.0,0.9874,0.0251,0.0,65,475,18.87,3.6
TCGA_DU_7294_22,177,171,16036,0,1.0,0.9894,0.5086,0.9896,0.6743,0.6743,0.5086,0.7094,1.0,0.9947,0.0106,0.0,177,348,16.12,1.38
TCGA_DU_7294_5,0,431,15953,0,0.0,0.9737,0.0,0.9737,0.0,0.0,0.0,0.0,1.0,0.4868,0.0263,0.0,0,431,,
TCGA_DU_7298_4,0,0,16384,0,0.0,1.0,0.0,1.0,0.0,0.0,0.0,0.0,1.0,0.5,0.0,0.0,0,0,,
TCGA_DU_7298_7,0,0,16384,0,0.0,1.0,0.0,1.0,0.0,0.0,0.0,0.0,1.0,0.5,0.0,0.0,0,0,,
TCGA_DU_7299_10,0,0,16384,0,0.0,1.0,0.0,1.0,0.0,0.0,0.0,0.0,1.0,0.5,0.0,0.0,0,0,,
TCGA_DU_7299_11,0,0,16384,0,0.0,1.0,0.0,1.0,0.0,0.0,0.0,0.0,1.0,0.5,0.0,0.0,0,0,,
TCGA_DU_7299_1,0,0,16384,0,0.0,1.0,0.0,1.0,0.0,0.0,0.0,0.0,1.0,0.5,0.0,0.0,0,0,,
TCGA_DU_7299_29,0,184,16200,0,0.0,0.9888,0.0,0.9888,0.0,0.0,0.0,0.0,1.0,0.4944,0.0112,0.0,0,184,,
TCGA_DU_7300_15,457,95,15704,128,0.7812,0.994,0.8279,0.9864,0.8039,0.8039,0.6721,0.7972,0.9919,0.8876,0.006,0.2188,585,552,5.0,0.35
TCGA_DU_7300_28,0,0,16384,0,0.0,1.0,0.0,1.0,0.0,0.0,0.0,0.0,1.0,0.5,0.0,0.0,0,0,,
TCGA_DU_7301_1,0,0,16384,0,0.0,1.0,0.0,1.0,0.0,0.0,0.0,0.0,1.0,0.5,0.0,0.0,0,0,,
TCGA_DU_7301_21,787,80,15396,121,0.8667,0.9948,0.9077,0.9877,0.8868,0.8868,0.7966,0.8805,0.9922,0.9308,0.0052,0.1333,908,867,4.47,0.18
TCGA_DU_7301_24,806,43,15444,91,0.8986,0.9972,0.9494,0.9918,0.9233,0.9233,0.8574,0.9193,0.9941,0.9479,0.0028,0.1014,897,849,5.0,0.12
TCGA_DU_7301_30,0,0,16384,0,0.0,1.0,0.0,1.0,0.0,0.0,0.0,0.0,1.0,0.5,0.0,0.0,0,0,,
TCGA_DU_7301_9,0,0,16384,0,0.0,1.0,0.0,1.0,0.0,0.0,0.0,0.0,1.0,0.5,0.0,0.0,0,0,,
TCGA_DU_7302_27,93,272,15982,37,0.7154,0.9833,0.2548,0.9811,0.3758,0.3758,0.2313,0.42,0.9977,0.8493,0.0167,0.2846,130,365,13.93,2.48
TCGA_DU_7302_29,46,121,16193,24,0.6571,0.9926,0.2754,0.9911,0.3882,0.3882,0.2408,0.4219,0.9985,0.8249,0.0074,0.3429,70,167,8.06,1.46
TCGA_DU_7302_30,0,1,16383,0,0.0,0.9999,0.0,0.9999,0.0,0.0,0.0,0.0,1.0,0.5,0.0001,0.0,0,1,,
TCGA_DU_7304_10,0,0,16384,0,0.0,1.0,0.0,1.0,0.0,0.0,0.0,0.0,1.0,0.5,0.0,0.0,0,0,,
TCGA_DU_7304_12,0,0,16384,0,0.0,1.0,0.0,1.0,0.0,0.0,0.0,0.0,1.0,0.5,0.0,0.0,0,0,,
TCGA_DU_7304_18,609,229,15411,135,0.8185,0.9854,0.7267,0.9778,0.7699,0.7699,0.6259,0.7598,0.9913,0.902,0.0146,0.1815,744,838,11.7,0.76
TCGA_DU_7304_19,538,348,15372,126,0.8102,0.9779,0.6072,0.9711,0.6942,0.6942,0.5316,0.6871,0.9919,0.8941,0.0221,0.1898,664,886,12.08,0.91
TCGA_DU_7304_1,0,0,16384,0,0.0,1.0,0.0,1.0,0.0,0.0,0.0,0.0,1.0,0.5,0.0,0.0,0,0,,
TCGA_DU_7304_29,578,26,15549,231,0.7145,0.9983,0.957,0.9843,0.8181,0.8181,0.6922,0.8196,0.9854,0.8564,0.0017,0.2855,809,604,9.85,0.41
TCGA_DU_7304_2,0,0,16384,0,0.0,1.0,0.0,1.0,0.0,0.0,0.0,0.0,1.0,0.5,0.0,0.0,0,0,,
TCGA_DU_7304_31,0,0,16027,357,0.0,1.0,0.0,0.9782,0.0,0.0,0.0,0.0,0.9782,0.5,0.0,1.0,357,0,,
TCGA_DU_7304_6,0,0,16384,0,0.0,1.0,0.0,1.0,0.0,0.0,0.0,0.0,1.0,0.5,0.0,0.0,0,0,,
TCGA_DU_7304_8,0,0,16384,0,0.0,1.0,0.0,1.0,0.0,0.0,0.0,0.0,1.0,0.5,0.0,0.0,0,0,,
TCGA_DU_7306_12,0,0,16384,0,0.0,1.0,0.0,1.0,0.0,0.0,0.0,0.0,1.0,0.5,0.0,0.0,0,0,,
TCGA_DU_7306_30,0,0,16384,0,0.0,1.0,0.0,1.0,0.0,0.0,0.0,0.0,1.0,0.5,0.0,0.0,0,0,,
TCGA_DU_7306_34,0,0,16384,0,0.0,1.0,0.0,1.0,0.0,0.0,0.0,0.0,1.0,0.5,0.0,0.0,0,0,,
TCGA_DU_7306_37,0,0,16384,0,0.0,1.0,0.0,1.0,0.0,0.0,0.0,0.0,1.0,0.5,0.0,0.0,0,0,,
TCGA_DU_7309_10,0,0,16384,0,0.0,1.0,0.0,1.0,0.0,0.0,0.0,0.0,1.0,0.5,0.0,0.0,0,0,,
TCGA_DU_7309_20,0,4,16380,0,0.0,0.9998,0.0,0.9998,0.0,0.0,0.0,0.0,1.0,0.4999,0.0002,0.0,0,4,,
TCGA_DU_7309_35,0,0,16384,0,0.0,1.0,0.0,1.0,0.0,0.0,0.0,0.0,1.0,0.5,0.0,0.0,0,0,,
TCGA_DU_7309_38,0,0,16384,0,0.0,1.0,0.0,1.0,0.0,0.0,0.0,0.0,1.0,0.5,0.0,0.0,0,0,,
TCGA_DU_8162_13,188,0,16041,155,0.5481,1.0,1.0,0.9905,0.7081,0.7081,0.5481,0.7368,0.9904,0.7741,0.0,0.4519,343,188,5.83,0.48
TCGA_DU_8162_24,0,0,16384,0,0.0,1.0,0.0,1.0,0.0,0.0,0.0,0.0,1.0,0.5,0.0,0.0,0,0,,
TCGA_DU_8162_26,0,0,16384,0,0.0,1.0,0.0,1.0,0.0,0.0,0.0,0.0,1.0,0.5,0.0,0.0,0,0,,
TCGA_DU_8162_27,0,45,16339,0,0.0,0.9973,0.0,0.9973,0.0,0.0,0.0,0.0,1.0,0.4986,0.0027,0.0,0,45,,
TCGA_DU_8162_29,0,0,16384,0,0.0,1.0,0.0,1.0,0.0,0.0,0.0,0.0,1.0,0.5,0.0,0.0,0,0,,
TCGA_DU_8162_2,0,0,16384,0,0.0,1.0,0.0,1.0,0.0,0.0,0.0,0.0,1.0,0.5,0.0,0.0,0,0,,
TCGA_DU_8162_30,0,0,16384,0,0.0,1.0,0.0,1.0,0.0,0.0,0.0,0.0,1.0,0.5,0.0,0.0,0,0,,
TCGA_DU_8162_32,0,0,16384,0,0.0,1.0,0.0,1.0,0.0,0.0,0.0,0.0,1.0,0.5,0.0,0.0,0,0,,
TCGA_DU_8162_6,0,0,16384,0,0.0,1.0,0.0,1.0,0.0,0.0,0.0,0.0,1.0,0.5,0.0,0.0,0,0,,
TCGA_DU_8163_10,0,0,16384,0,0.0,1.0,0.0,1.0,0.0,0.0,0.0,0.0,1.0,0.5,0.0,0.0,0,0,,
TCGA_DU_8163_15,230,23,16024,107,0.6825,0.9986,0.9091,0.9921,0.7797,0.7797,0.6389,0.784,0.9934,0.8405,0.0014,0.3175,337,253,5.1,0.45
TCGA_DU_8163_30,0,0,16384,0,0.0,1.0,0.0,1.0,0.0,0.0,0.0,0.0,1.0,0.5,0.0,0.0,0,0,,
TCGA_DU_8164_16,0,0,16384,0,0.0,1.0,0.0,1.0,0.0,0.0,0.0,0.0,1.0,0.5,0.0,0.0,0,0,,
TCGA_DU_8164_17,0,0,16384,0,0.0,1.0,0.0,1.0,0.0,0.0,0.0,0.0,1.0,0.5,0.0,0.0,0,0,,
TCGA_DU_8164_21,767,227,15306,84,0.9013,0.9854,0.7716,0.981,0.8314,0.8314,0.7115,0.8242,0.9945,0.9433,0.0146,0.0987,851,994,6.71,0.28
TCGA_DU_8164_24,892,156,15119,217,0.8043,0.9898,0.8511,0.9772,0.8271,0.8271,0.7051,0.8153,0.9859,0.8971,0.0102,0.1957,1109,1048,9.22,0.4
TCGA_DU_8164_31,162,18,16101,103,0.6113,0.9989,0.9,0.9926,0.7281,0.7281,0.5724,0.7384,0.9936,0.8051,0.0011,0.3887,265,180,4.47,0.44
TCGA_DU_8164_34,0,0,16384,0,0.0,1.0,0.0,1.0,0.0,0.0,0.0,0.0,1.0,0.5,0.0,0.0,0,0,,
TCGA_DU_8164_36,0,0,16384,0,0.0,1.0,0.0,1.0,0.0,0.0,0.0,0.0,1.0,0.5,0.0,0.0,0,0,,
TCGA_DU_8164_37,0,0,16384,0,0.0,1.0,0.0,1.0,0.0,0.0,0.0,0.0,1.0,0.5,0.0,0.0,0,0,,
TCGA_DU_8164_7,0,0,16384,0,0.0,1.0,0.0,1.0,0.0,0.0,0.0,0.0,1.0,0.5,0.0,0.0,0,0,,
TCGA_DU_8165_19,0,0,16384,0,0.0,1.0,0.0,1.0,0.0,0.0,0.0,0.0,1.0,0.5,0.0,0.0,0,0,,
TCGA_DU_8165_21,0,0,16384,0,0.0,1.0,0.0,1.0,0.0,0.0,0.0,0.0,1.0,0.5,0.0,0.0,0,0,,
TCGA_DU_8165_29,0,0,16384,0,0.0,1.0,0.0,1.0,0.0,0.0,0.0,0.0,1.0,0.5,0.0,0.0,0,0,,
TCGA_DU_8165_33,0,0,16384,0,0.0,1.0,0.0,1.0,0.0,0.0,0.0,0.0,1.0,0.5,0.0,0.0,0,0,,
TCGA_DU_8165_7,0,0,16384,0,0.0,1.0,0.0,1.0,0.0,0.0,0.0,0.0,1.0,0.5,0.0,0.0,0,0,,
TCGA_DU_8166_12,0,1,16383,0,0.0,0.9999,0.0,0.9999,0.0,0.0,0.0,0.0,1.0,0.5,0.0001,0.0,0,1,,
TCGA_DU_8166_18,0,229,16155,0,0.0,0.986,0.0,0.986,0.0,0.0,0.0,0.0,1.0,0.493,0.014,0.0,0,229,,
TCGA_DU_8166_19,189,40,15952,203,0.4821,0.9975,0.8253,0.9852,0.6087,0.6087,0.4375,0.6244,0.9874,0.7398,0.0025,0.5179,392,229,20.4,2.53
TCGA_DU_8166_21,743,582,15032,27,0.9649,0.9627,0.5608,0.9628,0.7093,0.7093,0.5496,0.7201,0.9982,0.9638,0.0373,0.0351,770,1325,12.0,0.95
TCGA_DU_8166_23,775,593,14923,93,0.8929,0.9618,0.5665,0.9581,0.6932,0.6932,0.5305,0.692,0.9938,0.9273,0.0382,0.1071,868,1368,12.53,1.04
TCGA_DU_8166_29,502,6,15681,195,0.7202,0.9996,0.9882,0.9877,0.8332,0.8332,0.7141,0.8382,0.9877,0.8599,0.0004,0.2798,697,508,9.22,0.36
TCGA_DU_8166_30,0,0,15962,422,0.0,1.0,0.0,0.9742,0.0,0.0,0.0,0.0,0.9742,0.5,0.0,1.0,422,0,,
TCGA_DU_8166_32,0,0,16384,0,0.0,1.0,0.0,1.0,0.0,0.0,0.0,0.0,1.0,0.5,0.0,0.0,0,0,,
TCGA_DU_8166_8,0,0,16384,0,0.0,1.0,0.0,1.0,0.0,0.0,0.0,0.0,1.0,0.5,0.0,0.0,0,0,,
TCGA_DU_8166_9,0,0,16384,0,0.0,1.0,0.0,1.0,0.0,0.0,0.0,0.0,1.0,0.5,0.0,0.0,0,0,,
TCGA_DU_8167_13,168,4,16111,101,0.6245,0.9998,0.9767,0.9936,0.7619,0.7619,0.6154,0.7784,0.9938,0.8121,0.0002,0.3755,269,172,4.0,0.36
TCGA_DU_8167_19,1214,129,14896,145,0.8933,0.9914,0.9039,0.9833,0.8986,0.8986,0.8159,0.8895,0.9904,0.9424,0.0086,0.1067,1359,1343,4.0,0.16
TCGA_DU_8167_1,0,0,16384,0,0.0,1.0,0.0,1.0,0.0,0.0,0.0,0.0,1.0,0.5,0.0,0.0,0,0,,
TCGA_DU_8167_22,725,52,15540,67,0.9154,0.9967,0.9331,0.9927,0.9242,0.9242,0.859,0.9204,0.9957,0.956,0.0033,0.0846,792,777,2.24,0.09
TCGA_DU_8167_36,0,74,16310,0,0.0,0.9955,0.0,0.9955,0.0,0.0,0.0,0.0,1.0,0.4977,0.0045,0.0,0,74,,
TCGA_DU_8167_5,0,0,16384,0,0.0,1.0,0.0,1.0,0.0,0.0,0.0,0.0,1.0,0.5,0.0,0.0,0,0,,
TCGA_DU_8167_8,0,0,16384,0,0.0,1.0,0.0,1.0,0.0,0.0,0.0,0.0,1.0,0.5,0.0,0.0,0,0,,
TCGA_DU_8168_10,0,0,16384,0,0.0,1.0,0.0,1.0,0.0,0.0,0.0,0.0,1.0,0.5,0.0,0.0,0,0,,
TCGA_DU_8168_16,322,312,15717,33,0.907,0.9805,0.5079,0.9789,0.6512,0.6512,0.4828,0.67,0.9979,0.9438,0.0195,0.093,355,634,11.4,0.75
TCGA_DU_8168_19,1232,38,14986,128,0.9059,0.9975,0.9701,0.9899,0.9369,0.9369,0.8813,0.932,0.9915,0.9517,0.0025,0.0941,1360,1270,5.0,0.09
TCGA_DU_8168_24,871,27,15288,198,0.8148,0.9982,0.9699,0.9863,0.8856,0.8856,0.7947,0.8821,0.9872,0.9065,0.0018,0.1852,1069,898,6.0,0.23
TCGA_DU_8168_2,0,0,16384,0,0.0,1.0,0.0,1.0,0.0,0.0,0.0,0.0,1.0,0.5,0.0,0.0,0,0,,
TCGA_DU_8168_3,0,0,16384,0,0.0,1.0,0.0,1.0,0.0,0.0,0.0,0.0,1.0,0.5,0.0,0.0,0,0,,
TCGA_DU_A5TP_15,0,0,16384,0,0.0,1.0,0.0,1.0,0.0,0.0,0.0,0.0,1.0,0.5,0.0,0.0,0,0,,
TCGA_DU_A5TP_16,0,0,16384,0,0.0,1.0,0.0,1.0,0.0,0.0,0.0,0.0,1.0,0.5,0.0,0.0,0,0,,
TCGA_DU_A5TP_17,0,0,16384,0,0.0,1.0,0.0,1.0,0.0,0.0,0.0,0.0,1.0,0.5,0.0,0.0,0,0,,
TCGA_DU_A5TP_18,0,40,16344,0,0.0,0.9976,0.0,0.9976,0.0,0.0,0.0,0.0,1.0,0.4988,0.0024,0.0,0,40,,
TCGA_DU_A5TP_32,88,0,15989,307,0.2228,1.0,1.0,0.9813,0.3644,0.3644,0.2228,0.4675,0.9812,0.6114,0.0,0.7772,395,88,15.0,2.2
TCGA_DU_A5TP_38,0,0,16384,0,0.0,1.0,0.0,1.0,0.0,0.0,0.0,0.0,1.0,0.5,0.0,0.0,0,0,,
TCGA_DU_A5TR_12,55,76,16252,1,0.9821,0.9953,0.4198,0.9953,0.5882,0.5882,0.4167,0.6406,0.9999,0.9887,0.0047,0.0179,56,131,5.39,0.64
TCGA_DU_A5TR_13,146,81,16118,39,0.7892,0.995,0.6432,0.9927,0.7087,0.7087,0.5489,0.7089,0.9976,0.8921,0.005,0.2108,185,227,3.0,0.43
TCGA_DU_A5TR_1,0,0,16384,0,0.0,1.0,0.0,1.0,0.0,0.0,0.0,0.0,1.0,0.5,0.0,0.0,0,0,,
TCGA_DU_A5TR_20,799,26,15100,459,0.6351,0.9983,0.9685,0.9704,0.7672,0.7672,0.6223,0.7712,0.9705,0.8167,0.0017,0.3649,1258,825,18.79,0.69
TCGA_DU_A5TR_4,0,0,16384,0,0.0,1.0,0.0,1.0,0.0,0.0,0.0,0.0,1.0,0.5,0.0,0.0,0,0,,
TCGA_DU_A5TT_11,0,0,16384,0,0.0,1.0,0.0,1.0,0.0,0.0,0.0,0.0,1.0,0.5,0.0,0.0,0,0,,
TCGA_DU_A5TT_15,0,0,16384,0,0.0,1.0,0.0,1.0,0.0,0.0,0.0,0.0,1.0,0.5,0.0,0.0,0,0,,
TCGA_DU_A5TT_27,0,0,16384,0,0.0,1.0,0.0,1.0,0.0,0.0,0.0,0.0,1.0,0.5,0.0,0.0,0,0,,
TCGA_DU_A5TT_33,0,0,16384,0,0.0,1.0,0.0,1.0,0.0,0.0,0.0,0.0,1.0,0.5,0.0,0.0,0,0,,
TCGA_DU_A5TT_40,71,142,16171,0,1.0,0.9913,0.3333,0.9913,0.5,0.5,0.3333,0.5748,1.0,0.9956,0.0087,0.0,71,213,13.6,2.02
TCGA_DU_A5TT_48,334,16,15925,109,0.754,0.999,0.9543,0.9924,0.8424,0.8424,0.7277,0.8446,0.9932,0.8765,0.001,0.246,443,350,5.83,0.25
TCGA_DU_A5TT_51,402,6,15864,112,0.7821,0.9996,0.9853,0.9928,0.872,0.872,0.7731,0.8745,0.993,0.8909,0.0004,0.2179,514,408,3.0,0.16
TCGA_DU_A5TT_55,0,0,16384,0,0.0,1.0,0.0,1.0,0.0,0.0,0.0,0.0,1.0,0.5,0.0,0.0,0,0,,
TCGA_DU_A5TT_56,0,0,16384,0,0.0,1.0,0.0,1.0,0.0,0.0,0.0,0.0,1.0,0.5,0.0,0.0,0,0,,
TCGA_DU_A5TU_10,0,0,16384,0,0.0,1.0,0.0,1.0,0.0,0.0,0.0,0.0,1.0,0.5,0.0,0.0,0,0,,
TCGA_DU_A5TU_12,474,213,15663,34,0.9331,0.9866,0.69,0.9849,0.7933,0.7933,0.6574,0.7953,0.9978,0.9598,0.0134,0.0669,508,687,9.85,0.51
TCGA_DU_A5TU_23,0,0,16384,0,0.0,1.0,0.0,1.0,0.0,0.0,0.0,0.0,1.0,0.5,0.0,0.0,0,0,,
TCGA_DU_A5TU_2,0,475,15909,0,0.0,0.971,0.0,0.971,0.0,0.0,0.0,0.0,1.0,0.4855,0.029,0.0,0,475,,
TCGA_DU_A5TU_7,0,0,16384,0,0.0,1.0,0.0,1.0,0.0,0.0,0.0,0.0,1.0,0.5,0.0,0.0,0,0,,
TCGA_DU_A5TU_8,0,0,16384,0,0.0,1.0,0.0,1.0,0.0,0.0,0.0,0.0,1.0,0.5,0.0,0.0,0,0,,
TCGA_DU_A5TW_10,0,0,16384,0,0.0,1.0,0.0,1.0,0.0,0.0,0.0,0.0,1.0,0.5,0.0,0.0,0,0,,
TCGA_DU_A5TY_16,0,17,16367,0,0.0,0.999,0.0,0.999,0.0,0.0,0.0,0.0,1.0,0.4995,0.001,0.0,0,17,,
TCGA_DU_A5TY_23,114,71,16176,23,0.8321,0.9956,0.6162,0.9943,0.7081,0.7081,0.5481,0.7134,0.9986,0.9139,0.0044,0.1679,137,185,14.87,1.23
TCGA_DU_A5TY_27,104,2,16006,272,0.2766,0.9999,0.9811,0.9833,0.4315,0.4315,0.2751,0.5164,0.9833,0.6382,0.0001,0.7234,376,106,10.0,1.27
TCGA_DU_A5TY_2,0,0,16384,0,0.0,1.0,0.0,1.0,0.0,0.0,0.0,0.0,1.0,0.5,0.0,0.0,0,0,,
TCGA_DU_A5TY_31,0,0,16384,0,0.0,1.0,0.0,1.0,0.0,0.0,0.0,0.0,1.0,0.5,0.0,0.0,0,0,,
TCGA_DU_A5TY_33,0,0,16384,0,0.0,1.0,0.0,1.0,0.0,0.0,0.0,0.0,1.0,0.5,0.0,0.0,0,0,,
TCGA_DU_A5TY_34,0,0,16384,0,0.0,1.0,0.0,1.0,0.0,0.0,0.0,0.0,1.0,0.5,0.0,0.0,0,0,,
TCGA_DU_A5TY_36,0,0,16384,0,0.0,1.0,0.0,1.0,0.0,0.0,0.0,0.0,1.0,0.5,0.0,0.0,0,0,,
TCGA_DU_A5TY_4,0,0,16384,0,0.0,1.0,0.0,1.0,0.0,0.0,0.0,0.0,1.0,0.5,0.0,0.0,0,0,,
TCGA_EZ_7264_14,0,0,16384,0,0.0,1.0,0.0,1.0,0.0,0.0,0.0,0.0,1.0,0.5,0.0,0.0,0,0,,
TCGA_EZ_7264_23,0,0,16384,0,0.0,1.0,0.0,1.0,0.0,0.0,0.0,0.0,1.0,0.5,0.0,0.0,0,0,,
TCGA_FG_5962_32,817,43,15456,68,0.9232,0.9972,0.95,0.9932,0.9364,0.9364,0.8804,0.9329,0.9956,0.9602,0.0028,0.0768,885,860,3.0,0.07
TCGA_FG_5962_3,0,0,16384,0,0.0,1.0,0.0,1.0,0.0,0.0,0.0,0.0,1.0,0.5,0.0,0.0,0,0,,
TCGA_FG_5962_44,111,73,16173,27,0.8043,0.9955,0.6033,0.9939,0.6894,0.6894,0.5261,0.6937,0.9983,0.8999,0.0045,0.1957,138,184,4.24,0.48
TCGA_FG_5962_51,0,584,15800,0,0.0,0.9644,0.0,0.9644,0.0,0.0,0.0,0.0,1.0,0.4822,0.0356,0.0,0,584,,
TCGA_FG_5962_5,0,0,16384,0,0.0,1.0,0.0,1.0,0.0,0.0,0.0,0.0,1.0,0.5,0.0,0.0,0,0,,
TCGA_FG_5964_1,0,0,16384,0,0.0,1.0,0.0,1.0,0.0,0.0,0.0,0.0,1.0,0.5,0.0,0.0,0,0,,
TCGA_FG_5964_20,0,0,16384,0,0.0,1.0,0.0,1.0,0.0,0.0,0.0,0.0,1.0,0.5,0.0,0.0,0,0,,
TCGA_FG_5964_22,0,0,16384,0,0.0,1.0,0.0,1.0,0.0,0.0,0.0,0.0,1.0,0.5,0.0,0.0,0,0,,
TCGA_FG_5964_23,0,6,16378,0,0.0,0.9996,0.0,0.9996,0.0,0.0,0.0,0.0,1.0,0.4998,0.0004,0.0,0,6,,
TCGA_FG_5964_5,0,0,16384,0,0.0,1.0,0.0,1.0,0.0,0.0,0.0,0.0,1.0,0.5,0.0,0.0,0,0,,
TCGA_FG_6688_10,0,5,16379,0,0.0,0.9997,0.0,0.9997,0.0,0.0,0.0,0.0,1.0,0.4998,0.0003,0.0,0,5,,
TCGA_FG_6688_4,0,0,16384,0,0.0,1.0,0.0,1.0,0.0,0.0,0.0,0.0,1.0,0.5,0.0,0.0,0,0,,
TCGA_FG_6688_6,0,45,16339,0,0.0,0.9973,0.0,0.9973,0.0,0.0,0.0,0.0,1.0,0.4986,0.0027,0.0,0,45,,
TCGA_FG_6688_7,0,0,16384,0,0.0,1.0,0.0,1.0,0.0,0.0,0.0,0.0,1.0,0.5,0.0,0.0,0,0,,
TCGA_FG_6689_14,0,0,16384,0,0.0,1.0,0.0,1.0,0.0,0.0,0.0,0.0,1.0,0.5,0.0,0.0,0,0,,
TCGA_FG_6689_29,757,40,14842,745,0.504,0.9973,0.9498,0.9521,0.6585,0.6585,0.4909,0.6724,0.9522,0.7507,0.0027,0.496,1502,797,20.25,1.91
TCGA_FG_6689_2,0,0,16384,0,0.0,1.0,0.0,1.0,0.0,0.0,0.0,0.0,1.0,0.5,0.0,0.0,0,0,,
TCGA_FG_6689_34,589,4,15090,701,0.4566,0.9997,0.9933,0.957,0.6256,0.6256,0.4552,0.658,0.9556,0.7282,0.0003,0.5434,1290,593,20.52,1.98
TCGA_FG_6689_40,0,0,16384,0,0.0,1.0,0.0,1.0,0.0,0.0,0.0,0.0,1.0,0.5,0.0,0.0,0,0,,
TCGA_FG_6689_41,0,0,16384,0,0.0,1.0,0.0,1.0,0.0,0.0,0.0,0.0,1.0,0.5,0.0,0.0,0,0,,
TCGA_FG_6689_5,0,0,16384,0,0.0,1.0,0.0,1.0,0.0,0.0,0.0,0.0,1.0,0.5,0.0,0.0,0,0,,
TCGA_FG_6690_25,41,103,16234,6,0.8723,0.9937,0.2847,0.9933,0.4293,0.4293,0.2733,0.4962,0.9996,0.933,0.0063,0.1277,47,144,27.51,6.64
TCGA_FG_6690_33,243,54,16054,33,0.8804,0.9966,0.8182,0.9947,0.8482,0.8482,0.7364,0.8461,0.9979,0.9385,0.0034,0.1196,276,297,29.15,0.35
TCGA_FG_6690_34,208,35,16102,39,0.8421,0.9978,0.856,0.9955,0.849,0.849,0.7376,0.8467,0.9976,0.92,0.0022,0.1579,247,243,31.3,0.63
TCGA_FG_6690_36,35,101,16246,2,0.9459,0.9938,0.2574,0.9937,0.4046,0.4046,0.2536,0.4917,0.9999,0.9699,0.0062,0.0541,37,136,27.46,4.93
TCGA_FG_6690_51,0,0,16384,0,0.0,1.0,0.0,1.0,0.0,0.0,0.0,0.0,1.0,0.5,0.0,0.0,0,0,,
TCGA_FG_6690_53,0,117,16267,0,0.0,0.9929,0.0,0.9929,0.0,0.0,0.0,0.0,1.0,0.4964,0.0071,0.0,0,117,,
TCGA_FG_6690_8,0,0,16384,0,0.0,1.0,0.0,1.0,0.0,0.0,0.0,0.0,1.0,0.5,0.0,0.0,0,0,,
TCGA_FG_6690_9,0,0,16384,0,0.0,1.0,0.0,1.0,0.0,0.0,0.0,0.0,1.0,0.5,0.0,0.0,0,0,,
TCGA_FG_6691_28,780,131,15429,44,0.9466,0.9916,0.8562,0.9893,0.8991,0.8991,0.8168,0.8948,0.9972,0.9691,0.0084,0.0534,824,911,3.16,0.13
TCGA_FG_6691_29,538,71,15748,27,0.9522,0.9955,0.8834,0.994,0.9165,0.9165,0.8459,0.9141,0.9983,0.9739,0.0045,0.0478,565,609,3.16,0.11
TCGA_FG_6691_30,444,109,15756,75,0.8555,0.9931,0.8029,0.9888,0.8284,0.8284,0.707,0.823,0.9953,0.9243,0.0069,0.1445,519,553,5.0,0.28
TCGA_FG_6691_46,0,0,16384,0,0.0,1.0,0.0,1.0,0.0,0.0,0.0,0.0,1.0,0.5,0.0,0.0,0,0,,
TCGA_FG_6691_4,0,0,16384,0,0.0,1.0,0.0,1.0,0.0,0.0,0.0,0.0,1.0,0.5,0.0,0.0,0,0,,
TCGA_FG_6691_7,0,0,16384,0,0.0,1.0,0.0,1.0,0.0,0.0,0.0,0.0,1.0,0.5,0.0,0.0,0,0,,
TCGA_FG_6691_9,0,0,16384,0,0.0,1.0,0.0,1.0,0.0,0.0,0.0,0.0,1.0,0.5,0.0,0.0,0,0,,
TCGA_FG_6692_10,0,401,15983,0,0.0,0.9755,0.0,0.9755,0.0,0.0,0.0,0.0,1.0,0.4878,0.0245,0.0,0,401,,
TCGA_FG_6692_19,308,8,15948,120,0.7196,0.9995,0.9747,0.9922,0.828,0.828,0.7064,0.834,0.9925,0.8596,0.0005,0.2804,428,316,4.0,0.26
TCGA_FG_6692_22,0,0,16384,0,0.0,1.0,0.0,1.0,0.0,0.0,0.0,0.0,1.0,0.5,0.0,0.0,0,0,,
TCGA_FG_6692_24,0,0,16384,0,0.0,1.0,0.0,1.0,0.0,0.0,0.0,0.0,1.0,0.5,0.0,0.0,0,0,,
TCGA_FG_6692_25,0,0,16384,0,0.0,1.0,0.0,1.0,0.0,0.0,0.0,0.0,1.0,0.5,0.0,0.0,0,0,,
TCGA_FG_6692_4,0,0,16384,0,0.0,1.0,0.0,1.0,0.0,0.0,0.0,0.0,1.0,0.5,0.0,0.0,0,0,,
TCGA_FG_7634_19,364,103,15780,137,0.7265,0.9935,0.7794,0.9854,0.7521,0.7521,0.6026,0.745,0.9914,0.86,0.0065,0.2735,501,467,5.83,0.54
TCGA_FG_7634_1,0,398,15986,0,0.0,0.9757,0.0,0.9757,0.0,0.0,0.0,0.0,1.0,0.4879,0.0243,0.0,0,398,,
TCGA_FG_7634_8,0,0,16384,0,0.0,1.0,0.0,1.0,0.0,0.0,0.0,0.0,1.0,0.5,0.0,0.0,0,0,,
TCGA_FG_7637_23,667,20,15620,77,0.8965,0.9987,0.9709,0.9941,0.9322,0.9322,0.873,0.9299,0.9951,0.9476,0.0013,0.1035,744,687,5.83,0.12
TCGA_FG_7637_25,477,9,15652,246,0.6598,0.9994,0.9815,0.9844,0.7891,0.7891,0.6516,0.798,0.9845,0.8296,0.0006,0.3402,723,486,12.04,0.55
TCGA_FG_7637_27,656,14,15565,149,0.8149,0.9991,0.9791,0.9901,0.8895,0.8895,0.801,0.8884,0.9905,0.907,0.0009,0.1851,805,670,8.0,0.3
TCGA_FG_7637_28,257,0,15912,215,0.5445,1.0,1.0,0.9869,0.7051,0.7051,0.5445,0.733,0.9867,0.7722,0.0,0.4555,472,257,7.28,0.54
TCGA_FG_7637_29,466,111,15768,39,0.9228,0.993,0.8076,0.9908,0.8614,0.8614,0.7565,0.8587,0.9975,0.9579,0.007,0.0772,505,577,4.0,0.2
TCGA_FG_7637_37,0,0,16384,0,0.0,1.0,0.0,1.0,0.0,0.0,0.0,0.0,1.0,0.5,0.0,0.0,0,0,,
TCGA_FG_7637_38,0,0,16384,0,0.0,1.0,0.0,1.0,0.0,0.0,0.0,0.0,1.0,0.5,0.0,0.0,0,0,,
TCGA_FG_7637_3,0,0,16384,0,0.0,1.0,0.0,1.0,0.0,0.0,0.0,0.0,1.0,0.5,0.0,0.0,0,0,,
TCGA_FG_7643_12,0,0,16384,0,0.0,1.0,0.0,1.0,0.0,0.0,0.0,0.0,1.0,0.5,0.0,0.0,0,0,,
TCGA_FG_7643_22,0,101,16283,0,0.0,0.9938,0.0,0.9938,0.0,0.0,0.0,0.0,1.0,0.4969,0.0062,0.0,0,101,,
TCGA_FG_7643_24,0,327,16057,0,0.0,0.98,0.0,0.98,0.0,0.0,0.0,0.0,1.0,0.49,0.02,0.0,0,327,,
TCGA_FG_7643_27,341,133,15851,59,0.8525,0.9917,0.7194,0.9883,0.7803,0.7803,0.6398,0.7773,0.9963,0.9221,0.0083,0.1475,400,474,4.0,0.32
TCGA_FG_7643_33,0,0,16384,0,0.0,1.0,0.0,1.0,0.0,0.0,0.0,0.0,1.0,0.5,0.0,0.0,0,0,,
TCGA_FG_7643_35,0,0,16384,0,0.0,1.0,0.0,1.0,0.0,0.0,0.0,0.0,1.0,0.5,0.0,0.0,0,0,,
TCGA_FG_7643_40,0,0,16384,0,0.0,1.0,0.0,1.0,0.0,0.0,0.0,0.0,1.0,0.5,0.0,0.0,0,0,,
TCGA_FG_7643_44,0,97,16287,0,0.0,0.9941,0.0,0.9941,0.0,0.0,0.0,0.0,1.0,0.497,0.0059,0.0,0,97,,
TCGA_FG_8189_11,0,0,16384,0,0.0,1.0,0.0,1.0,0.0,0.0,0.0,0.0,1.0,0.5,0.0,0.0,0,0,,
TCGA_FG_8189_13,0,0,16384,0,0.0,1.0,0.0,1.0,0.0,0.0,0.0,0.0,1.0,0.5,0.0,0.0,0,0,,
TCGA_FG_8189_31,648,119,15546,71,0.9013,0.9924,0.8449,0.9884,0.8721,0.8721,0.7733,0.8666,0.9955,0.9468,0.0076,0.0987,719,767,6.32,0.2
TCGA_FG_8189_34,463,5,15758,158,0.7456,0.9997,0.9893,0.9901,0.8503,0.8503,0.7396,0.8543,0.9901,0.8726,0.0003,0.2544,621,468,7.07,0.26
TCGA_FG_8189_3,0,0,16384,0,0.0,1.0,0.0,1.0,0.0,0.0,0.0,0.0,1.0,0.5,0.0,0.0,0,0,,
TCGA_FG_8189_43,0,0,16384,0,0.0,1.0,0.0,1.0,0.0,0.0,0.0,0.0,1.0,0.5,0.0,0.0,0,0,,
TCGA_FG_8189_51,0,1472,14912,0,0.0,0.9102,0.0,0.9102,0.0,0.0,0.0,0.0,1.0,0.4551,0.0898,0.0,0,1472,,
TCGA_FG_8189_53,0,0,16384,0,0.0,1.0,0.0,1.0,0.0,0.0,0.0,0.0,1.0,0.5,0.0,0.0,0,0,,
TCGA_FG_A4MT_16,877,13,15341,153,0.8515,0.9992,0.9854,0.9899,0.9135,0.9135,0.8408,0.9109,0.9901,0.9253,0.0008,0.1485,1030,890,5.0,0.14
TCGA_FG_A4MT_23,545,11,15665,163,0.7698,0.9993,0.9802,0.9894,0.8623,0.8623,0.758,0.8637,0.9897,0.8845,0.0007,0.2302,708,556,8.06,0.25
TCGA_FG_A4MT_31,0,68,16316,0,0.0,0.9958,0.0,0.9958,0.0,0.0,0.0,0.0,1.0,0.4979,0.0042,0.0,0,68,,
TCGA_FG_A4MT_33,0,0,16384,0,0.0,1.0,0.0,1.0,0.0,0.0,0.0,0.0,1.0,0.5,0.0,0.0,0,0,,
TCGA_FG_A4MT_36,0,0,16384,0,0.0,1.0,0.0,1.0,0.0,0.0,0.0,0.0,1.0,0.5,0.0,0.0,0,0,,
TCGA_FG_A4MT_45,0,0,16384,0,0.0,1.0,0.0,1.0,0.0,0.0,0.0,0.0,1.0,0.5,0.0,0.0,0,0,,
TCGA_FG_A4MT_8,185,0,16063,136,0.5763,1.0,1.0,0.9917,0.7312,0.7312,0.5763,0.756,0.9916,0.7882,0.0,0.4237,321,185,6.08,0.41
TCGA_FG_A4MT_9,297,1,15892,194,0.6049,0.9999,0.9966,0.9881,0.7529,0.7529,0.6037,0.7717,0.9879,0.8024,0.0001,0.3951,491,298,8.0,0.5
TCGA_FG_A4MU_10,192,49,16094,49,0.7967,0.997,0.7967,0.994,0.7967,0.7967,0.6621,0.7936,0.997,0.8968,0.003,0.2033,241,241,6.71,0.34
TCGA_FG_A4MU_16,1720,97,13670,897,0.6572,0.993,0.9466,0.9393,0.7758,0.7758,0.6338,0.7586,0.9384,0.8251,0.007,0.3428,2617,1817,15.0,0.85
TCGA_FG_A4MU_18,1514,74,14080,716,0.6789,0.9948,0.9534,0.9518,0.7931,0.7931,0.6571,0.7808,0.9516,0.8368,0.0052,0.3211,2230,1588,18.44,0.87
TCGA_FG_A4MU_19,1635,76,14225,448,0.7849,0.9947,0.9556,0.968,0.8619,0.8619,0.7573,0.8492,0.9695,0.8898,0.0053,0.2151,2083,1711,8.25,0.33
TCGA_FG_A4MU_23,1006,74,15121,183,0.8461,0.9951,0.9315,0.9843,0.8867,0.8867,0.7965,0.8795,0.988,0.9206,0.0049,0.1539,1189,1080,9.85,0.25
TCGA_FG_A4MU_25,463,20,15695,206,0.6921,0.9987,0.9586,0.9862,0.8038,0.8038,0.672,0.8082,0.987,0.8454,0.0013,0.3079,669,483,6.32,0.36
TCGA_FG_A4MU_26,249,5,16053,77,0.7638,0.9997,0.9803,0.995,0.8586,0.8586,0.7523,0.863,0.9952,0.8817,0.0003,0.2362,326,254,5.0,0.2
TCGA_FG_A60K_13,0,320,16064,0,0.0,0.9805,0.0,0.9805,0.0,0.0,0.0,0.0,1.0,0.4902,0.0195,0.0,0,320,,
TCGA_FG_A60K_21,0,0,16384,0,0.0,1.0,0.0,1.0,0.0,0.0,0.0,0.0,1.0,0.5,0.0,0.0,0,0,,
TCGA_FG_A60K_2,0,0,16384,0,0.0,1.0,0.0,1.0,0.0,0.0,0.0,0.0,1.0,0.5,0.0,0.0,0,0,,
TCGA_FG_A60K_43,0,0,16128,256,0.0,1.0,0.0,0.9844,0.0,0.0,0.0,0.0,0.9844,0.5,0.0,1.0,256,0,,
TCGA_FG_A60K_49,123,5,16080,176,0.4114,0.9997,0.9609,0.989,0.5761,0.5761,0.4046,0.6249,0.9892,0.7055,0.0003,0.5886,299,128,10.82,1.21
TCGA_FG_A60K_57,0,0,16334,50,0.0,1.0,0.0,0.9969,0.0,0.0,0.0,0.0,0.9969,0.5,0.0,1.0,50,0,,
TCGA_FG_A60K_65,0,0,16384,0,0.0,1.0,0.0,1.0,0.0,0.0,0.0,0.0,1.0,0.5,0.0,0.0,0,0,,
TCGA_FG_A60K_69,0,0,16384,0,0.0,1.0,0.0,1.0,0.0,0.0,0.0,0.0,1.0,0.5,0.0,0.0,0,0,,
TCGA_FG_A60K_9,0,0,16384,0,0.0,1.0,0.0,1.0,0.0,0.0,0.0,0.0,1.0,0.5,0.0,0.0,0,0,,
TCGA_HT_7473_13,734,201,15265,184,0.7996,0.987,0.785,0.9765,0.7922,0.7922,0.6559,0.7798,0.9881,0.8933,0.013,0.2004,918,935,9.43,0.5
TCGA_HT_7473_1,0,0,16384,0,0.0,1.0,0.0,1.0,0.0,0.0,0.0,0.0,1.0,0.5,0.0,0.0,0,0,,
TCGA_HT_7473_21,263,46,15774,301,0.4663,0.9971,0.8511,0.9788,0.6025,0.6025,0.4311,0.6211,0.9813,0.7317,0.0029,0.5337,564,309,11.7,1.05
TCGA_HT_7473_22,206,30,15884,264,0.4383,0.9981,0.8729,0.9821,0.5836,0.5836,0.412,0.6114,0.9837,0.7182,0.0019,0.5617,470,236,21.54,1.74
TCGA_HT_7473_2,0,125,16259,0,0.0,0.9924,0.0,0.9924,0.0,0.0,0.0,0.0,1.0,0.4962,0.0076,0.0,0,125,,
TCGA_HT_7475_13,0,65,16319,0,0.0,0.996,0.0,0.996,0.0,0.0,0.0,0.0,1.0,0.498,0.004,0.0,0,65,,
TCGA_HT_7475_16,0,0,16346,38,0.0,1.0,0.0,0.9977,0.0,0.0,0.0,0.0,0.9977,0.5,0.0,1.0,38,0,,
TCGA_HT_7475_17,35,53,16282,14,0.7143,0.9968,0.3977,0.9959,0.5109,0.5109,0.3431,0.5312,0.9991,0.8555,0.0032,0.2857,49,88,4.12,0.81
TCGA_HT_7475_32,0,0,16384,0,0.0,1.0,0.0,1.0,0.0,0.0,0.0,0.0,1.0,0.5,0.0,0.0,0,0,,
TCGA_HT_7602_12,107,253,16016,8,0.9304,0.9844,0.2972,0.9841,0.4505,0.4505,0.2908,0.521,0.9995,0.9574,0.0156,0.0696,115,360,34.48,5.29
TCGA_HT_7602_15,0,0,16384,0,0.0,1.0,0.0,1.0,0.0,0.0,0.0,0.0,1.0,0.5,0.0,0.0,0,0,,
TCGA_HT_7602_17,0,0,16384,0,0.0,1.0,0.0,1.0,0.0,0.0,0.0,0.0,1.0,0.5,0.0,0.0,0,0,,
TCGA_HT_7602_18,0,0,16384,0,0.0,1.0,0.0,1.0,0.0,0.0,0.0,0.0,1.0,0.5,0.0,0.0,0,0,,
TCGA_HT_7602_3,0,249,16135,0,0.0,0.9848,0.0,0.9848,0.0,0.0,0.0,0.0,1.0,0.4924,0.0152,0.0,0,249,,
TCGA_HT_7605_11,0,0,16384,0,0.0,1.0,0.0,1.0,0.0,0.0,0.0,0.0,1.0,0.5,0.0,0.0,0,0,,
TCGA_HT_7605_16,0,95,16289,0,0.0,0.9942,0.0,0.9942,0.0,0.0,0.0,0.0,1.0,0.4971,0.0058,0.0,0,95,,
TCGA_HT_7605_28,355,10,15908,111,0.7618,0.9994,0.9726,0.9926,0.8544,0.8544,0.7458,0.8573,0.9931,0.8806,0.0006,0.2382,466,365,3.16,0.19
TCGA_HT_7605_29,277,22,15993,92,0.7507,0.9986,0.9264,0.993,0.8293,0.8293,0.7084,0.8306,0.9943,0.8747,0.0014,0.2493,369,299,4.0,0.27
TCGA_HT_7605_30,106,75,16140,63,0.6272,0.9954,0.5856,0.9916,0.6057,0.6057,0.4344,0.6018,0.9961,0.8113,0.0046,0.3728,169,181,21.1,2.75
TCGA_HT_7605_32,0,72,16312,0,0.0,0.9956,0.0,0.9956,0.0,0.0,0.0,0.0,1.0,0.4978,0.0044,0.0,0,72,,
TCGA_HT_7605_6,0,98,16286,0,0.0,0.994,0.0,0.994,0.0,0.0,0.0,0.0,1.0,0.497,0.006,0.0,0,98,,
TCGA_HT_7608_12,128,195,16050,11,0.9209,0.988,0.3963,0.9874,0.5541,0.5541,0.3832,0.5996,0.9993,0.9544,0.012,0.0791,139,323,6.0,0.75
TCGA_HT_7608_13,175,563,15646,0,1.0,0.9653,0.2371,0.9656,0.3834,0.3834,0.2371,0.4784,1.0,0.9826,0.0347,0.0,175,738,16.12,1.63
TCGA_HT_7608_16,878,153,15091,262,0.7702,0.99,0.8516,0.9747,0.8088,0.8088,0.679,0.7965,0.9829,0.8801,0.01,0.2298,1140,1031,5.66,0.35
TCGA_HT_7616_12,0,0,16384,0,0.0,1.0,0.0,1.0,0.0,0.0,0.0,0.0,1.0,0.5,0.0,0.0,0,0,,
TCGA_HT_7616_25,403,47,15790,144,0.7367,0.997,0.8956,0.9883,0.8084,0.8084,0.6785,0.8065,0.991,0.8669,0.003,0.2633,547,450,10.44,0.52
TCGA_HT_7616_8,0,23,16361,0,0.0,0.9986,0.0,0.9986,0.0,0.0,0.0,0.0,1.0,0.4993,0.0014,0.0,0,23,,
TCGA_HT_7680_13,0,0,16384,0,0.0,1.0,0.0,1.0,0.0,0.0,0.0,0.0,1.0,0.5,0.0,0.0,0,0,,
TCGA_HT_7680_16,0,0,16384,0,0.0,1.0,0.0,1.0,0.0,0.0,0.0,0.0,1.0,0.5,0.0,0.0,0,0,,
TCGA_HT_7680_5,103,1,16157,123,0.4558,0.9999,0.9904,0.9924,0.6242,0.6242,0.4537,0.6692,0.9924,0.7278,0.0001,0.5442,226,104,8.0,0.78
TCGA_HT_7684_1,0,0,16384,0,0.0,1.0,0.0,1.0,0.0,0.0,0.0,0.0,1.0,0.5,0.0,0.0,0,0,,
TCGA_HT_7684_3,0,0,16384,0,0.0,1.0,0.0,1.0,0.0,0.0,0.0,0.0,1.0,0.5,0.0,0.0,0,0,,
TCGA_HT_7684_7,0,0,16384,0,0.0,1.0,0.0,1.0,0.0,0.0,0.0,0.0,1.0,0.5,0.0,0.0,0,0,,
TCGA_HT_7686_17,0,0,16384,0,0.0,1.0,0.0,1.0,0.0,0.0,0.0,0.0,1.0,0.5,0.0,0.0,0,0,,
TCGA_HT_7686_2,0,0,16384,0,0.0,1.0,0.0,1.0,0.0,0.0,0.0,0.0,1.0,0.5,0.0,0.0,0,0,,
TCGA_HT_7686_3,0,118,16266,0,0.0,0.9928,0.0,0.9928,0.0,0.0,0.0,0.0,1.0,0.4964,0.0072,0.0,0,118,,
TCGA_HT_7690_10,0,0,16384,0,0.0,1.0,0.0,1.0,0.0,0.0,0.0,0.0,1.0,0.5,0.0,0.0,0,0,,
TCGA_HT_7690_11,0,0,16384,0,0.0,1.0,0.0,1.0,0.0,0.0,0.0,0.0,1.0,0.5,0.0,0.0,0,0,,
TCGA_HT_7690_17,984,27,15113,260,0.791,0.9982,0.9733,0.9825,0.8727,0.8727,0.7742,0.8688,0.9831,0.8946,0.0018,0.209,1244,1011,5.83,0.22
TCGA_HT_7690_3,0,0,16384,0,0.0,1.0,0.0,1.0,0.0,0.0,0.0,0.0,1.0,0.5,0.0,0.0,0,0,,
TCGA_HT_7690_9,0,0,16384,0,0.0,1.0,0.0,1.0,0.0,0.0,0.0,0.0,1.0,0.5,0.0,0.0,0,0,,
TCGA_HT_7692_15,2,0,16361,21,0.087,1.0,1.0,0.9987,0.16,0.16,0.087,0.2947,0.9987,0.5435,0.0,0.913,23,2,6.08,1.25
TCGA_HT_7693_17,251,50,16067,16,0.9401,0.9969,0.8339,0.996,0.8838,0.8838,0.7918,0.8834,0.999,0.9685,0.0031,0.0599,267,301,4.12,0.18
TCGA_HT_7693_18,135,8,16176,65,0.675,0.9995,0.9441,0.9955,0.7872,0.7872,0.649,0.7963,0.996,0.8373,0.0005,0.325,200,143,4.12,0.34
TCGA_HT_7693_2,0,0,16384,0,0.0,1.0,0.0,1.0,0.0,0.0,0.0,0.0,1.0,0.5,0.0,0.0,0,0,,
TCGA_HT_7693_4,0,0,16384,0,0.0,1.0,0.0,1.0,0.0,0.0,0.0,0.0,1.0,0.5,0.0,0.0,0,0,,
TCGA_HT_7694_11,1604,20,14523,237,0.8713,0.9986,0.9877,0.9843,0.9258,0.9258,0.8619,0.9194,0.9839,0.9349,0.0014,0.1287,1841,1624,4.0,0.12
TCGA_HT_7694_15,1787,93,14172,332,0.8433,0.9935,0.9505,0.9741,0.8937,0.8937,0.8079,0.8811,0.9771,0.9184,0.0065,0.1567,2119,1880,17.46,0.31
TCGA_HT_7855_19,0,0,16384,0,0.0,1.0,0.0,1.0,0.0,0.0,0.0,0.0,1.0,0.5,0.0,0.0,0,0,,
TCGA_HT_7855_21,0,0,16384,0,0.0,1.0,0.0,1.0,0.0,0.0,0.0,0.0,1.0,0.5,0.0,0.0,0,0,,
TCGA_HT_7856_18,1563,239,14442,140,0.9178,0.9837,0.8674,0.9769,0.8919,0.8919,0.8048,0.8794,0.9904,0.9508,0.0163,0.0822,1703,1802,4.47,0.17
TCGA_HT_7856_25,355,66,15814,149,0.7044,0.9958,0.8432,0.9869,0.7676,0.7676,0.6228,0.7641,0.9907,0.8501,0.0042,0.2956,504,421,5.0,0.36
TCGA_HT_7856_30,0,0,16384,0,0.0,1.0,0.0,1.0,0.0,0.0,0.0,0.0,1.0,0.5,0.0,0.0,0,0,,
TCGA_HT_7856_6,0,26,16358,0,0.0,0.9984,0.0,0.9984,0.0,0.0,0.0,0.0,1.0,0.4992,0.0016,0.0,0,26,,
TCGA_HT_7860_11,0,0,16384,0,0.0,1.0,0.0,1.0,0.0,0.0,0.0,0.0,1.0,0.5,0.0,0.0,0,0,,
TCGA_HT_7860_12,0,2,16382,0,0.0,0.9999,0.0,0.9999,0.0,0.0,0.0,0.0,1.0,0.4999,0.0001,0.0,0,2,,
TCGA_HT_7860_16,182,93,16066,43,0.8089,0.9942,0.6618,0.9917,0.728,0.728,0.5723,0.7276,0.9973,0.9016,0.0058,0.1911,225,275,5.39,0.5
TCGA_HT_7860_5,0,0,16384,0,0.0,1.0,0.0,1.0,0.0,0.0,0.0,0.0,1.0,0.5,0.0,0.0,0,0,,
TCGA_HT_7860_7,0,0,16384,0,0.0,1.0,0.0,1.0,0.0,0.0,0.0,0.0,1.0,0.5,0.0,0.0,0,0,,
TCGA_HT_7874_13,339,67,15930,48,0.876,0.9958,0.835,0.993,0.855,0.855,0.7467,0.8516,0.997,0.9359,0.0042,0.124,387,406,3.0,0.19
TCGA_HT_7874_14,253,16,15897,218,0.5372,0.999,0.9405,0.9857,0.6838,0.6838,0.5195,0.705,0.9865,0.7681,0.001,0.4628,471,269,10.0,0.92
TCGA_HT_7874_15,0,0,16282,102,0.0,1.0,0.0,0.9938,0.0,0.0,0.0,0.0,0.9938,0.5,0.0,1.0,102,0,,
TCGA_HT_7874_16,0,0,16384,0,0.0,1.0,0.0,1.0,0.0,0.0,0.0,0.0,1.0,0.5,0.0,0.0,0,0,,
TCGA_HT_7874_20,0,0,16384,0,0.0,1.0,0.0,1.0,0.0,0.0,0.0,0.0,1.0,0.5,0.0,0.0,0,0,,
TCGA_HT_7874_6,0,0,16384,0,0.0,1.0,0.0,1.0,0.0,0.0,0.0,0.0,1.0,0.5,0.0,0.0,0,0,,
TCGA_HT_7877_10,0,0,16384,0,0.0,1.0,0.0,1.0,0.0,0.0,0.0,0.0,1.0,0.5,0.0,0.0,0,0,,
TCGA_HT_7877_12,0,0,16384,0,0.0,1.0,0.0,1.0,0.0,0.0,0.0,0.0,1.0,0.5,0.0,0.0,0,0,,
TCGA_HT_7877_28,0,0,16333,51,0.0,1.0,0.0,0.9969,0.0,0.0,0.0,0.0,0.9969,0.5,0.0,1.0,51,0,,
TCGA_HT_7877_4,0,0,16384,0,0.0,1.0,0.0,1.0,0.0,0.0,0.0,0.0,1.0,0.5,0.0,0.0,0,0,,
TCGA_HT_7877_5,0,0,16384,0,0.0,1.0,0.0,1.0,0.0,0.0,0.0,0.0,1.0,0.5,0.0,0.0,0,0,,
TCGA_HT_7877_7,0,0,16384,0,0.0,1.0,0.0,1.0,0.0,0.0,0.0,0.0,1.0,0.5,0.0,0.0,0,0,,
TCGA_HT_7879_10,106,4,16233,41,0.7211,0.9998,0.9636,0.9973,0.8249,0.8249,0.702,0.8324,0.9975,0.8604,0.0002,0.2789,147,110,3.0,0.19
TCGA_HT_7879_21,0,0,16384,0,0.0,1.0,0.0,1.0,0.0,0.0,0.0,0.0,1.0,0.5,0.0,0.0,0,0,,
TCGA_HT_7879_23,0,0,16384,0,0.0,1.0,0.0,1.0,0.0,0.0,0.0,0.0,1.0,0.5,0.0,0.0,0,0,,
TCGA_HT_7879_2,0,28,16356,0,0.0,0.9983,0.0,0.9983,0.0,0.0,0.0,0.0,1.0,0.4991,0.0017,0.0,0,28,,
TCGA_HT_7879_7,0,0,16384,0,0.0,1.0,0.0,1.0,0.0,0.0,0.0,0.0,1.0,0.5,0.0,0.0,0,0,,
TCGA_HT_7881_15,0,0,16384,0,0.0,1.0,0.0,1.0,0.0,0.0,0.0,0.0,1.0,0.5,0.0,0.0,0,0,,
TCGA_HT_7881_24,25,1,16249,109,0.1866,0.9999,0.9615,0.9933,0.3125,0.3125,0.1852,0.422,0.9933,0.5933,0.0001,0.8134,134,26,15.13,2.6
TCGA_HT_7881_28,108,14,16123,139,0.4372,0.9991,0.8852,0.9907,0.5854,0.5854,0.4138,0.6185,0.9915,0.7182,0.0009,0.5628,247,122,6.08,0.84
TCGA_HT_7881_34,124,1,16211,48,0.7209,0.9999,0.992,0.997,0.835,0.835,0.7168,0.8444,0.997,0.8604,0.0001,0.2791,172,125,3.0,0.22
TCGA_HT_7881_42,0,0,16384,0,0.0,1.0,0.0,1.0,0.0,0.0,0.0,0.0,1.0,0.5,0.0,0.0,0,0,,
TCGA_HT_7881_44,0,0,16384,0,0.0,1.0,0.0,1.0,0.0,0.0,0.0,0.0,1.0,0.5,0.0,0.0,0,0,,
TCGA_HT_7881_45,0,0,16384,0,0.0,1.0,0.0,1.0,0.0,0.0,0.0,0.0,1.0,0.5,0.0,0.0,0,0,,
TCGA_HT_7881_4,0,0,16384,0,0.0,1.0,0.0,1.0,0.0,0.0,0.0,0.0,1.0,0.5,0.0,0.0,0,0,,
TCGA_HT_7881_61,0,0,16384,0,0.0,1.0,0.0,1.0,0.0,0.0,0.0,0.0,1.0,0.5,0.0,0.0,0,0,,
TCGA_HT_7881_6,0,0,16384,0,0.0,1.0,0.0,1.0,0.0,0.0,0.0,0.0,1.0,0.5,0.0,0.0,0,0,,
TCGA_HT_7881_80,0,0,16384,0,0.0,1.0,0.0,1.0,0.0,0.0,0.0,0.0,1.0,0.5,0.0,0.0,0,0,,
TCGA_HT_7881_9,0,0,16384,0,0.0,1.0,0.0,1.0,0.0,0.0,0.0,0.0,1.0,0.5,0.0,0.0,0,0,,
TCGA_HT_7882_10,0,0,16384,0,0.0,1.0,0.0,1.0,0.0,0.0,0.0,0.0,1.0,0.5,0.0,0.0,0,0,,
TCGA_HT_7882_16,1048,155,15038,143,0.8799,0.9898,0.8712,0.9818,0.8755,0.8755,0.7786,0.8657,0.9906,0.9349,0.0102,0.1201,1191,1203,8.49,0.29
TCGA_HT_7882_26,657,52,15572,103,0.8645,0.9967,0.9267,0.9905,0.8945,0.8945,0.8091,0.8901,0.9934,0.9306,0.0033,0.1355,760,709,5.0,0.17
TCGA_HT_7882_2,0,0,16384,0,0.0,1.0,0.0,1.0,0.0,0.0,0.0,0.0,1.0,0.5,0.0,0.0,0,0,,
TCGA_HT_7882_30,0,2,16382,0,0.0,0.9999,0.0,0.9999,0.0,0.0,0.0,0.0,1.0,0.4999,0.0001,0.0,0,2,,
TCGA_HT_7882_3,0,0,16384,0,0.0,1.0,0.0,1.0,0.0,0.0,0.0,0.0,1.0,0.5,0.0,0.0,0,0,,
TCGA_HT_7884_15,0,0,16384,0,0.0,1.0,0.0,1.0,0.0,0.0,0.0,0.0,1.0,0.5,0.0,0.0,0,0,,
TCGA_HT_7884_18,0,0,16384,0,0.0,1.0,0.0,1.0,0.0,0.0,0.0,0.0,1.0,0.5,0.0,0.0,0,0,,
TCGA_HT_7884_1,0,0,16384,0,0.0,1.0,0.0,1.0,0.0,0.0,0.0,0.0,1.0,0.5,0.0,0.0,0,0,,
TCGA_HT_7884_3,0,0,16384,0,0.0,1.0,0.0,1.0,0.0,0.0,0.0,0.0,1.0,0.5,0.0,0.0,0,0,,
TCGA_HT_7884_8,356,15,15958,55,0.8662,0.9991,0.9596,0.9957,0.9105,0.9105,0.8357,0.9096,0.9966,0.9326,0.0009,0.1338,411,371,2.24,0.12
TCGA_HT_8018_2,0,0,16384,0,0.0,1.0,0.0,1.0,0.0,0.0,0.0,0.0,1.0,0.5,0.0,0.0,0,0,,
TCGA_HT_8018_5,0,0,16384,0,0.0,1.0,0.0,1.0,0.0,0.0,0.0,0.0,1.0,0.5,0.0,0.0,0,0,,
TCGA_HT_8018_8,430,67,15787,100,0.8113,0.9958,0.8652,0.9898,0.8374,0.8374,0.7203,0.8326,0.9937,0.9035,0.0042,0.1887,530,497,4.12,0.24
TCGA_HT_8018_9,691,42,15542,109,0.8638,0.9973,0.9427,0.9908,0.9015,0.9015,0.8207,0.8976,0.993,0.9305,0.0027,0.1362,800,733,4.12,0.14
TCGA_HT_8105_14,74,52,16209,49,0.6016,0.9968,0.5873,0.9938,0.5944,0.5944,0.4229,0.5913,0.997,0.7992,0.0032,0.3984,123,126,13.04,2.2
TCGA_HT_8105_16,778,336,15218,52,0.9373,0.9784,0.6984,0.9763,0.8004,0.8004,0.6672,0.7978,0.9966,0.9579,0.0216,0.0627,830,1114,7.21,0.42
TCGA_HT_8105_1,0,0,16384,0,0.0,1.0,0.0,1.0,0.0,0.0,0.0,0.0,1.0,0.5,0.0,0.0,0,0,,
TCGA_HT_8105_20,1718,67,14452,147,0.9212,0.9954,0.9625,0.9869,0.9414,0.9414,0.8892,0.9343,0.9899,0.9583,0.0046,0.0788,1865,1785,7.21,0.1
TCGA_HT_8105_32,0,0,16384,0,0.0,1.0,0.0,1.0,0.0,0.0,0.0,0.0,1.0,0.5,0.0,0.0,0,0,,
TCGA_HT_8105_6,0,0,16384,0,0.0,1.0,0.0,1.0,0.0,0.0,0.0,0.0,1.0,0.5,0.0,0.0,0,0,,
TCGA_HT_8105_9,0,0,16384,0,0.0,1.0,0.0,1.0,0.0,0.0,0.0,0.0,1.0,0.5,0.0,0.0,0,0,,
TCGA_HT_8106_22,0,0,16384,0,0.0,1.0,0.0,1.0,0.0,0.0,0.0,0.0,1.0,0.5,0.0,0.0,0,0,,
TCGA_HT_8106_9,304,39,15964,77,0.7979,0.9976,0.8863,0.9929,0.8398,0.8398,0.7238,0.8374,0.9952,0.8977,0.0024,0.2021,381,343,6.71,0.28
TCGA_HT_8107_11,338,17,15876,153,0.6884,0.9989,0.9521,0.9896,0.7991,0.7991,0.6654,0.8049,0.9905,0.8437,0.0011,0.3116,491,355,5.83,0.37
TCGA_HT_8111_10,0,0,16384,0,0.0,1.0,0.0,1.0,0.0,0.0,0.0,0.0,1.0,0.5,0.0,0.0,0,0,,
TCGA_HT_8111_17,494,16,15741,133,0.7879,0.999,0.9686,0.9909,0.869,0.869,0.7683,0.8692,0.9916,0.8934,0.001,0.2121,627,510,5.39,0.21
TCGA_HT_8111_18,470,11,15799,104,0.8188,0.9993,0.9771,0.993,0.891,0.891,0.8034,0.8911,0.9935,0.9091,0.0007,0.1812,574,481,4.24,0.15
TCGA_HT_8111_9,0,0,16384,0,0.0,1.0,0.0,1.0,0.0,0.0,0.0,0.0,1.0,0.5,0.0,0.0,0,0,,
TCGA_HT_8113_10,0,0,16384,0,0.0,1.0,0.0,1.0,0.0,0.0,0.0,0.0,1.0,0.5,0.0,0.0,0,0,,
TCGA_HT_8113_18,461,192,15712,19,0.9604,0.9879,0.706,0.9871,0.8138,0.8138,0.686,0.8175,0.9988,0.9742,0.0121,0.0396,480,653,3.0,0.23
TCGA_HT_8114_12,817,19,15352,196,0.8065,0.9988,0.9773,0.9869,0.8837,0.8837,0.7917,0.8814,0.9874,0.9026,0.0012,0.1935,1013,836,5.83,0.21
TCGA_HT_8114_14,1099,24,15196,65,0.9442,0.9984,0.9786,0.9946,0.9611,0.9611,0.9251,0.9583,0.9957,0.9713,0.0016,0.0558,1164,1123,2.0,0.04
TCGA_HT_8114_5,0,0,16384,0,0.0,1.0,0.0,1.0,0.0,0.0,0.0,0.0,1.0,0.5,0.0,0.0,0,0,,
TCGA_HT_8114_7,0,0,16384,0,0.0,1.0,0.0,1.0,0.0,0.0,0.0,0.0,1.0,0.5,0.0,0.0,0,0,,
TCGA_HT_8563_19,0,0,16384,0,0.0,1.0,0.0,1.0,0.0,0.0,0.0,0.0,1.0,0.5,0.0,0.0,0,0,,
TCGA_HT_8563_1,0,0,16384,0,0.0,1.0,0.0,1.0,0.0,0.0,0.0,0.0,1.0,0.5,0.0,0.0,0,0,,
TCGA_HT_8563_2,0,0,16384,0,0.0,1.0,0.0,1.0,0.0,0.0,0.0,0.0,1.0,0.5,0.0,0.0,0,0,,
TCGA_HT_8563_7,0,0,16384,0,0.0,1.0,0.0,1.0,0.0,0.0,0.0,0.0,1.0,0.5,0.0,0.0,0,0,,
TCGA_HT_8563_8,66,446,15853,19,0.7765,0.9726,0.1289,0.9716,0.2211,0.2211,0.1243,0.3093,0.9988,0.8746,0.0274,0.2235,85,512,27.29,4.8
TCGA_HT_A5RC_14,0,0,16384,0,0.0,1.0,0.0,1.0,0.0,0.0,0.0,0.0,1.0,0.5,0.0,0.0,0,0,,
TCGA_HT_A5RC_1,0,0,16384,0,0.0,1.0,0.0,1.0,0.0,0.0,0.0,0.0,1.0,0.5,0.0,0.0,0,0,,
TCGA_HT_A5RC_23,0,0,15990,394,0.0,1.0,0.0,0.976,0.0,0.0,0.0,0.0,0.976,0.5,0.0,1.0,394,0,,
TCGA_HT_A5RC_27,0,0,16079,305,0.0,1.0,0.0,0.9814,0.0,0.0,0.0,0.0,0.9814,0.5,0.0,1.0,305,0,,
TCGA_HT_A5RC_31,0,0,16384,0,0.0,1.0,0.0,1.0,0.0,0.0,0.0,0.0,1.0,0.5,0.0,0.0,0,0,,
TCGA_HT_A616_11,0,0,16384,0,0.0,1.0,0.0,1.0,0.0,0.0,0.0,0.0,1.0,0.5,0.0,0.0,0,0,,
TCGA_HT_A616_15,0,0,15898,486,0.0,1.0,0.0,0.9703,0.0,0.0,0.0,0.0,0.9703,0.5,0.0,1.0,486,0,,
TCGA_HT_A616_21,31,19,16331,3,0.9118,0.9988,0.62,0.9987,0.7381,0.7381,0.5849,0.7513,0.9998,0.9553,0.0012,0.0882,34,50,2.0,0.28
TCGA_HT_A616_22,0,0,16372,12,0.0,1.0,0.0,0.9993,0.0,0.0,0.0,0.0,0.9993,0.5,0.0,1.0,12,0,,
TCGA_HT_A616_26,0,0,16384,0,0.0,1.0,0.0,1.0,0.0,0.0,0.0,0.0,1.0,0.5,0.0,0.0,0,0,,
TCGA_HT_A616_3,0,0,16384,0,0.0,1.0,0.0,1.0,0.0,0.0,0.0,0.0,1.0,0.5,0.0,0.0,0,0,,
TCGA_HT_A616_4,0,13,16371,0,0.0,0.9992,0.0,0.9992,0.0,0.0,0.0,0.0,1.0,0.4996,0.0008,0.0,0,13,,
TCGA_HT_A616_6,0,0,16384,0,0.0,1.0,0.0,1.0,0.0,0.0,0.0,0.0,1.0,0.5,0.0,0.0,0,0,,
TCGA_HT_A616_7,0,0,16384,0,0.0,1.0,0.0,1.0,0.0,0.0,0.0,0.0,1.0,0.5,0.0,0.0,0,0,,
TCGA_HT_A61A_11,0,0,16384,0,0.0,1.0,0.0,1.0,0.0,0.0,0.0,0.0,1.0,0.5,0.0,0.0,0,0,,
TCGA_HT_A61A_17,0,0,16384,0,0.0,1.0,0.0,1.0,0.0,0.0,0.0,0.0,1.0,0.5,0.0,0.0,0,0,,
TCGA_HT_A61A_22,0,0,16376,8,0.0,1.0,0.0,0.9995,0.0,0.0,0.0,0.0,0.9995,0.5,0.0,1.0,8,0,,
TCGA_HT_A61A_42,635,18,15507,224,0.7392,0.9988,0.9724,0.9852,0.8399,0.8399,0.7241,0.841,0.9858,0.869,0.0012,0.2608,859,653,10.3,0.35
TCGA_HT_A61A_52,130,7,15875,372,0.259,0.9996,0.9489,0.9769,0.4069,0.4069,0.2554,0.4893,0.9771,0.6293,0.0004,0.741,502,137,9.22,1.68
TCGA_HT_A61A_58,0,0,16363,21,0.0,1.0,0.0,0.9987,0.0,0.0,0.0,0.0,0.9987,0.5,0.0,1.0,21,0,,
TCGA_HT_A61A_60,0,0,16384,0,0.0,1.0,0.0,1.0,0.0,0.0,0.0,0.0,1.0,0.5,0.0,0.0,0,0,,
TCGA_HT_A61A_84,0,0,16384,0,0.0,1.0,0.0,1.0,0.0,0.0,0.0,0.0,1.0,0.5,0.0,0.0,0,0,,
TCGA_HT_A61B_12,0,0,16384,0,0.0,1.0,0.0,1.0,0.0,0.0,0.0,0.0,1.0,0.5,0.0,0.0,0,0,,
TCGA_HT_A61B_13,0,0,16384,0,0.0,1.0,0.0,1.0,0.0,0.0,0.0,0.0,1.0,0.5,0.0,0.0,0,0,,
TCGA_HT_A61B_15,0,0,16384,0,0.0,1.0,0.0,1.0,0.0,0.0,0.0,0.0,1.0,0.5,0.0,0.0,0,0,,
TCGA_HT_A61B_19,0,0,16384,0,0.0,1.0,0.0,1.0,0.0,0.0,0.0,0.0,1.0,0.5,0.0,0.0,0,0,,
TCGA_HT_A61B_23,0,0,16384,0,0.0,1.0,0.0,1.0,0.0,0.0,0.0,0.0,1.0,0.5,0.0,0.0,0,0,,
TCGA_HT_A61B_26,0,0,16347,37,0.0,1.0,0.0,0.9977,0.0,0.0,0.0,0.0,0.9977,0.5,0.0,1.0,37,0,,
TCGA_HT_A61B_31,78,27,16193,86,0.4756,0.9983,0.7429,0.9931,0.5799,0.5799,0.4084,0.5912,0.9947,0.737,0.0017,0.5244,164,105,10.82,1.33
TCGA_HT_A61B_39,335,11,15966,72,0.8231,0.9993,0.9682,0.9949,0.8898,0.8898,0.8014,0.8903,0.9955,0.9112,0.0007,0.1769,407,346,3.16,0.15
TCGA_HT_A61B_41,462,18,15781,123,0.7897,0.9989,0.9625,0.9914,0.8676,0.8676,0.7662,0.8677,0.9923,0.8943,0.0011,0.2103,585,480,8.25,0.3
TCGA_HT_A61B_42,414,17,15825,128,0.7638,0.9989,0.9606,0.9911,0.851,0.851,0.7406,0.8524,0.992,0.8814,0.0011,0.2362,542,431,8.25,0.35
TCGA_HT_A61B_45,410,28,15857,89,0.8216,0.9982,0.9361,0.9929,0.8751,0.8751,0.778,0.8734,0.9944,0.9099,0.0018,0.1784,499,438,5.83,0.22
TCGA_HT_A61B_49,56,57,16268,3,0.9492,0.9965,0.4956,0.9963,0.6512,0.6512,0.4828,0.6844,0.9998,0.9728,0.0035,0.0508,59,113,8.06,0.56
TCGA_HT_A61B_60,0,0,16384,0,0.0,1.0,0.0,1.0,0.0,0.0,0.0,0.0,1.0,0.5,0.0,0.0,0,0,,
TCGA_HT_A61B_61,0,0,16384,0,0.0,1.0,0.0,1.0,0.0,0.0,0.0,0.0,1.0,0.5,0.0,0.0,0,0,,
TCGA_HT_A61B_76,0,0,16384,0,0.0,1.0,0.0,1.0,0.0,0.0,0.0,0.0,1.0,0.5,0.0,0.0,0,0,,
TCGA_HT_A61B_7,0,0,16384,0,0.0,1.0,0.0,1.0,0.0,0.0,0.0,0.0,1.0,0.5,0.0,0.0,0,0,,
TCGA_HT_A61B_86,0,0,16384,0,0.0,1.0,0.0,1.0,0.0,0.0,0.0,0.0,1.0,0.5,0.0,0.0,0,0,,
